observation_id,chain,contract,at,gate,reasons,risk_reasons,full_strategy_executed
3af1faa1-2074-484e-893e-ed2c676e1576:BfK1fZuZjcgtxpdKowafwDzFTywdVzyQb5mRYAdHpump,solana,BfK1fZuZjcgtxpdKowafwDzFTywdVzyQb5mRYAdHpump,2026-09-28T19:12:40.365643Z,SKIP,"[""ambiguous_unit:price_change_percent"", ""below_domain:price_change_percent"", ""ambiguous_unit:price_change_percent1m"", ""ambiguous_unit:price_change_percent5m"", ""below_domain:price_change_percent5m"", ""ambiguous_unit:price_change_percent1h"", ""below_domain:price_change_percent1h"", ""ambiguous_unit:liquidity"", ""ambiguous_unit:total_supply"", ""ambiguous_unit:initial_liquidity"", ""ambiguous_unit:pool_type"", ""invalid_kind:pool_type"", ""ambiguous_unit:pool_type_str"", ""invalid_kind:pool_type_str"", ""ambiguous_unit:launchpad"", ""ambiguous_unit:launchpad_status"", ""ambiguous_unit:exchange"", ""ambiguous_unit:twitter_username"", ""ambiguous_unit:website"", ""ambiguous_unit:telegram"", ""invalid_kind:telegram"", ""ambiguous_unit:burn_ratio"", ""ambiguous_unit:burn_status"", ""ambiguous_unit:dev_token_burn_amount"", ""ambiguous_unit:dev_token_burn_ratio"", ""ambiguous_unit:creator"", ""ambiguous_unit:creator_token_status"", ""ambiguous_unit:hot_level"", ""invalid_kind:hot_level"", ""ambiguous_unit:is_show_alert"", ""ambiguous_unit:twitter_change_flag"", ""invalid_kind:twitter_change_flag"", ""ambiguous_unit:twitter_rename_count"", ""ambiguous_unit:twitter_del_post_token_count"", ""ambiguous_unit:twitter_create_token_count"", ""ambiguous_unit:rat_trader_amount_rate"", ""ambiguous_unit:bluechip_owner_percentage"", ""ambiguous_unit:rug_ratio"", ""ambiguous_unit:sniper_count"", ""ambiguous_unit:bundler_rate"", ""ambiguous_unit:entrapment_ratio"", ""ambiguous_unit:is_og"", ""ambiguous_unit:gas_fee"", ""ambiguous_unit:is_token_live"", ""ambiguous_unit:start_live_timestamp"", ""unknown_event_time:start_live_timestamp"", ""ambiguous_unit:end_live_timestamp"", ""unknown_event_time:end_live_timestamp"", ""ambiguous_unit:dev_team_hold_rate"", ""ambiguous_unit:top70_sniper_hold_rate"", ""ambiguous_unit:buy_tax"", ""invalid_kind:buy_tax"", ""ambiguous_unit:sell_tax"", ""invalid_kind:sell_tax"", ""ambiguous_unit:is_honeypot"", ""invalid_kind:is_honeypot"", ""ambiguous_unit:lock_percent"", ""ambiguous_unit:bot_degen_rate"", ""ambiguous_unit:twitter_dup"", ""ambiguous_unit:telegram_dup"", ""ambiguous_unit:website_dup"", ""ambiguous_unit:rank"", ""ambiguous_unit:square_mentions"", ""ambiguous_unit:visiting_count"", ""ambiguous_unit:launch_quote_address"", ""ambiguous_unit:migrated_pool_exchange"", ""missing_usd_value:liquidity"", ""missing_risk_flag:is_honeypot""]","[""missing_field:transfer_paused"", ""missing_field:sell_simulation_success"", ""ambiguous_unit:is_honeypot"", ""invalid_kind:is_honeypot""]",False
0f04cfe5-88a0-4a83-ae8d-85c5cb3cdc89:4KPFYgMQg8Su7ZaqDduSYEZXPmh8fyUgot4yooZtpump,solana,4KPFYgMQg8Su7ZaqDduSYEZXPmh8fyUgot4yooZtpump,2026-09-28T19:17:32.965607Z,SKIP,"[""ambiguous_unit:price_change_percent"", ""ambiguous_unit:price_change_percent1m"", ""ambiguous_unit:price_change_percent5m"", ""ambiguous_unit:price_change_percent1h"", ""ambiguous_unit:liquidity"", ""ambiguous_unit:total_supply"", ""ambiguous_unit:initial_liquidity"", ""ambiguous_unit:pool_type"", ""invalid_kind:pool_type"", ""ambiguous_unit:pool_type_str"", ""invalid_kind:pool_type_str"", ""ambiguous_unit:launchpad"", ""ambiguous_unit:launchpad_status"", ""ambiguous_unit:exchange"", ""ambiguous_unit:twitter_username"", ""ambiguous_unit:website"", ""ambiguous_unit:telegram"", ""invalid_kind:telegram"", ""ambiguous_unit:burn_ratio"", ""ambiguous_unit:burn_status"", ""ambiguous_unit:dev_token_burn_amount"", ""ambiguous_unit:dev_token_burn_ratio"", ""ambiguous_unit:creator"", ""ambiguous_unit:creator_token_status"", ""ambiguous_unit:hot_level"", ""invalid_kind:hot_level"", ""ambiguous_unit:is_show_alert"", ""ambiguous_unit:twitter_change_flag"", ""invalid_kind:twitter_change_flag"", ""ambiguous_unit:twitter_rename_count"", ""ambiguous_unit:twitter_del_post_token_count"", ""ambiguous_unit:twitter_create_token_count"", ""ambiguous_unit:rat_trader_amount_rate"", ""ambiguous_unit:bluechip_owner_percentage"", ""ambiguous_unit:rug_ratio"", ""ambiguous_unit:sniper_count"", ""ambiguous_unit:bundler_rate"", ""ambiguous_unit:entrapment_ratio"", ""ambiguous_unit:is_og"", ""ambiguous_unit:gas_fee"", ""ambiguous_unit:is_token_live"", ""ambiguous_unit:start_live_timestamp"", ""unknown_event_time:start_live_timestamp"", ""ambiguous_unit:end_live_timestamp"", ""unknown_event_time:end_live_timestamp"", ""ambiguous_unit:dev_team_hold_rate"", ""ambiguous_unit:top70_sniper_hold_rate"", ""ambiguous_unit:buy_tax"", ""invalid_kind:buy_tax"", ""ambiguous_unit:sell_tax"", ""invalid_kind:sell_tax"", ""ambiguous_unit:is_honeypot"", ""invalid_kind:is_honeypot"", ""ambiguous_unit:lock_percent"", ""ambiguous_unit:bot_degen_rate"", ""ambiguous_unit:twitter_dup"", ""ambiguous_unit:telegram_dup"", ""ambiguous_unit:website_dup"", ""ambiguous_unit:rank"", ""ambiguous_unit:square_mentions"", ""ambiguous_unit:visiting_count"", ""ambiguous_unit:launch_quote_address"", ""ambiguous_unit:migrated_pool_exchange"", ""missing_usd_value:liquidity"", ""missing_risk_flag:is_honeypot""]","[""missing_field:transfer_paused"", ""missing_field:sell_simulation_success"", ""ambiguous_unit:is_honeypot"", ""invalid_kind:is_honeypot""]",False
3af1faa1-2074-484e-893e-ed2c676e1576:APLwmQEyK1oYptMboQ2iFbAiqhomaz9H2vQQF8J2pump,solana,APLwmQEyK1oYptMboQ2iFbAiqhomaz9H2vQQF8J2pump,2026-09-28T19:12:40.365643Z,SKIP,"[""ambiguous_unit:price_change_percent"", ""ambiguous_unit:price_change_percent1m"", ""ambiguous_unit:price_change_percent5m"", ""ambiguous_unit:price_change_percent1h"", ""below_domain:price_change_percent1h"", ""ambiguous_unit:liquidity"", ""ambiguous_unit:total_supply"", ""ambiguous_unit:initial_liquidity"", ""unknown_event_time:open_timestamp"", ""ambiguous_unit:pool_type"", ""invalid_kind:pool_type"", ""ambiguous_unit:pool_type_str"", ""invalid_kind:pool_type_str"", ""ambiguous_unit:launchpad"", ""ambiguous_unit:launchpad_status"", ""ambiguous_unit:exchange"", ""ambiguous_unit:twitter_username"", ""ambiguous_unit:website"", ""ambiguous_unit:telegram"", ""invalid_kind:telegram"", ""ambiguous_unit:burn_ratio"", ""ambiguous_unit:burn_status"", ""ambiguous_unit:dev_token_burn_amount"", ""ambiguous_unit:dev_token_burn_ratio"", ""ambiguous_unit:creator"", ""ambiguous_unit:creator_token_status"", ""ambiguous_unit:hot_level"", ""invalid_kind:hot_level"", ""ambiguous_unit:is_show_alert"", ""ambiguous_unit:twitter_change_flag"", ""invalid_kind:twitter_change_flag"", ""ambiguous_unit:twitter_rename_count"", ""ambiguous_unit:twitter_del_post_token_count"", ""ambiguous_unit:twitter_create_token_count"", ""ambiguous_unit:rat_trader_amount_rate"", ""ambiguous_unit:bluechip_owner_percentage"", ""ambiguous_unit:rug_ratio"", ""ambiguous_unit:sniper_count"", ""ambiguous_unit:bundler_rate"", ""ambiguous_unit:entrapment_ratio"", ""ambiguous_unit:is_og"", ""ambiguous_unit:gas_fee"", ""ambiguous_unit:is_token_live"", ""ambiguous_unit:start_live_timestamp"", ""unknown_event_time:start_live_timestamp"", ""ambiguous_unit:end_live_timestamp"", ""unknown_event_time:end_live_timestamp"", ""ambiguous_unit:dev_team_hold_rate"", ""ambiguous_unit:top70_sniper_hold_rate"", ""ambiguous_unit:buy_tax"", ""invalid_kind:buy_tax"", ""ambiguous_unit:sell_tax"", ""invalid_kind:sell_tax"", ""ambiguous_unit:is_honeypot"", ""invalid_kind:is_honeypot"", ""ambiguous_unit:lock_percent"", ""ambiguous_unit:bot_degen_rate"", ""ambiguous_unit:twitter_dup"", ""ambiguous_unit:telegram_dup"", ""ambiguous_unit:website_dup"", ""ambiguous_unit:rank"", ""ambiguous_unit:square_mentions"", ""ambiguous_unit:visiting_count"", ""ambiguous_unit:launch_quote_address"", ""ambiguous_unit:migrated_pool_exchange"", ""invalid_kind:migrated_pool_exchange"", ""missing_usd_value:liquidity"", ""missing_risk_flag:is_honeypot"", ""below_policy_limit:market_cap""]","[""missing_field:transfer_paused"", ""missing_field:sell_simulation_success"", ""ambiguous_unit:is_honeypot"", ""invalid_kind:is_honeypot""]",False
3af1faa1-2074-484e-893e-ed2c676e1576:jNeszEWkVZtzYMUCmYm8dqgaLvRTsEwQFwfJiaFpump,solana,jNeszEWkVZtzYMUCmYm8dqgaLvRTsEwQFwfJiaFpump,2026-09-28T19:12:40.365643Z,SKIP,"[""ambiguous_unit:price_change_percent"", ""ambiguous_unit:price_change_percent1m"", ""ambiguous_unit:price_change_percent5m"", ""ambiguous_unit:price_change_percent1h"", ""ambiguous_unit:liquidity"", ""ambiguous_unit:total_supply"", ""ambiguous_unit:initial_liquidity"", ""ambiguous_unit:pool_type"", ""invalid_kind:pool_type"", ""ambiguous_unit:pool_type_str"", ""invalid_kind:pool_type_str"", ""ambiguous_unit:launchpad"", ""ambiguous_unit:launchpad_status"", ""ambiguous_unit:exchange"", ""ambiguous_unit:twitter_username"", ""ambiguous_unit:website"", ""ambiguous_unit:telegram"", ""invalid_kind:telegram"", ""ambiguous_unit:burn_ratio"", ""ambiguous_unit:burn_status"", ""ambiguous_unit:dev_token_burn_amount"", ""ambiguous_unit:dev_token_burn_ratio"", ""ambiguous_unit:creator"", ""ambiguous_unit:creator_token_status"", ""ambiguous_unit:hot_level"", ""invalid_kind:hot_level"", ""ambiguous_unit:is_show_alert"", ""ambiguous_unit:twitter_change_flag"", ""invalid_kind:twitter_change_flag"", ""ambiguous_unit:twitter_rename_count"", ""ambiguous_unit:twitter_del_post_token_count"", ""ambiguous_unit:twitter_create_token_count"", ""ambiguous_unit:rat_trader_amount_rate"", ""ambiguous_unit:bluechip_owner_percentage"", ""ambiguous_unit:rug_ratio"", ""ambiguous_unit:sniper_count"", ""ambiguous_unit:bundler_rate"", ""ambiguous_unit:entrapment_ratio"", ""ambiguous_unit:is_og"", ""ambiguous_unit:gas_fee"", ""ambiguous_unit:is_token_live"", ""ambiguous_unit:start_live_timestamp"", ""unknown_event_time:start_live_timestamp"", ""ambiguous_unit:end_live_timestamp"", ""unknown_event_time:end_live_timestamp"", ""ambiguous_unit:dev_team_hold_rate"", ""ambiguous_unit:top70_sniper_hold_rate"", ""ambiguous_unit:buy_tax"", ""invalid_kind:buy_tax"", ""ambiguous_unit:sell_tax"", ""invalid_kind:sell_tax"", ""ambiguous_unit:is_honeypot"", ""invalid_kind:is_honeypot"", ""ambiguous_unit:lock_percent"", ""ambiguous_unit:bot_degen_rate"", ""ambiguous_unit:twitter_dup"", ""ambiguous_unit:telegram_dup"", ""ambiguous_unit:website_dup"", ""ambiguous_unit:rank"", ""ambiguous_unit:square_mentions"", ""ambiguous_unit:visiting_count"", ""ambiguous_unit:launch_quote_address"", ""ambiguous_unit:migrated_pool_exchange"", ""missing_usd_value:liquidity"", ""missing_risk_flag:is_honeypot""]","[""missing_field:transfer_paused"", ""missing_field:sell_simulation_success"", ""ambiguous_unit:is_honeypot"", ""invalid_kind:is_honeypot""]",False
ee91a1c6-bc99-4c7a-9cdc-bd6cb5478a9b:cPW1Zrx1zqEVb21pcQrzfjNkhS4Dz6fyztKooh6xfEX,solana,cPW1Zrx1zqEVb21pcQrzfjNkhS4Dz6fyztKooh6xfEX,2026-09-28T19:17:46.087880Z,SKIP,"[""ambiguous_unit:price_change_percent"", ""ambiguous_unit:price_change_percent1m"", ""ambiguous_unit:price_change_percent5m"", ""ambiguous_unit:price_change_percent1h"", ""ambiguous_unit:liquidity"", ""ambiguous_unit:total_supply"", ""ambiguous_unit:initial_liquidity"", ""unknown_event_time:open_timestamp"", ""ambiguous_unit:pool_type"", ""invalid_kind:pool_type"", ""ambiguous_unit:pool_type_str"", ""invalid_kind:pool_type_str"", ""ambiguous_unit:launchpad"", ""ambiguous_unit:launchpad_status"", ""ambiguous_unit:exchange"", ""ambiguous_unit:twitter_username"", ""ambiguous_unit:website"", ""ambiguous_unit:telegram"", ""invalid_kind:telegram"", ""ambiguous_unit:burn_ratio"", ""ambiguous_unit:burn_status"", ""ambiguous_unit:dev_token_burn_amount"", ""ambiguous_unit:dev_token_burn_ratio"", ""ambiguous_unit:creator"", ""ambiguous_unit:creator_token_status"", ""ambiguous_unit:hot_level"", ""invalid_kind:hot_level"", ""ambiguous_unit:is_show_alert"", ""ambiguous_unit:twitter_change_flag"", ""invalid_kind:twitter_change_flag"", ""ambiguous_unit:twitter_rename_count"", ""ambiguous_unit:twitter_del_post_token_count"", ""ambiguous_unit:twitter_create_token_count"", ""ambiguous_unit:rat_trader_amount_rate"", ""ambiguous_unit:bluechip_owner_percentage"", ""ambiguous_unit:rug_ratio"", ""ambiguous_unit:sniper_count"", ""ambiguous_unit:bundler_rate"", ""ambiguous_unit:entrapment_ratio"", ""ambiguous_unit:is_og"", ""ambiguous_unit:gas_fee"", ""ambiguous_unit:is_token_live"", ""ambiguous_unit:start_live_timestamp"", ""unknown_event_time:start_live_timestamp"", ""ambiguous_unit:end_live_timestamp"", ""unknown_event_time:end_live_timestamp"", ""ambiguous_unit:dev_team_hold_rate"", ""ambiguous_unit:top70_sniper_hold_rate"", ""ambiguous_unit:buy_tax"", ""invalid_kind:buy_tax"", ""ambiguous_unit:sell_tax"", ""invalid_kind:sell_tax"", ""ambiguous_unit:is_honeypot"", ""invalid_kind:is_honeypot"", ""ambiguous_unit:lock_percent"", ""ambiguous_unit:bot_degen_rate"", ""ambiguous_unit:twitter_dup"", ""ambiguous_unit:telegram_dup"", ""ambiguous_unit:website_dup"", ""ambiguous_unit:rank"", ""ambiguous_unit:square_mentions"", ""ambiguous_unit:visiting_count"", ""ambiguous_unit:launch_quote_address"", ""ambiguous_unit:migrated_pool_exchange"", ""invalid_kind:migrated_pool_exchange"", ""missing_usd_value:liquidity"", ""missing_risk_flag:is_honeypot"", ""below_policy_limit:market_cap""]","[""missing_field:transfer_paused"", ""missing_field:sell_simulation_success"", ""ambiguous_unit:is_honeypot"", ""invalid_kind:is_honeypot""]",False
cd404827-1073-4901-b09c-82ef1488855b:0x95cc69fa3fbb35955a921876f60631c606e54a17,robinhood,0x95cc69fa3fbb35955a921876f60631c606e54a17,2026-09-28T19:16:00.473367Z,SKIP,"[""ambiguous_unit:price_change_percent"", ""ambiguous_unit:price_change_percent1m"", ""ambiguous_unit:price_change_percent5m"", ""ambiguous_unit:price_change_percent1h"", ""ambiguous_unit:liquidity"", ""ambiguous_unit:total_supply"", ""ambiguous_unit:initial_liquidity"", ""unknown_event_time:open_timestamp"", ""ambiguous_unit:pool_type"", ""invalid_kind:pool_type"", ""ambiguous_unit:pool_type_str"", ""invalid_kind:pool_type_str"", ""ambiguous_unit:launchpad"", ""ambiguous_unit:launchpad_status"", ""ambiguous_unit:exchange"", ""ambiguous_unit:twitter_username"", ""ambiguous_unit:website"", ""ambiguous_unit:telegram"", ""invalid_kind:telegram"", ""ambiguous_unit:renounced_mint"", ""null_value:renounced_mint"", ""ambiguous_unit:renounced_freeze_account"", ""null_value:renounced_freeze_account"", ""ambiguous_unit:burn_ratio"", ""ambiguous_unit:burn_status"", ""ambiguous_unit:dev_token_burn_amount"", ""ambiguous_unit:dev_token_burn_ratio"", ""ambiguous_unit:creator"", ""ambiguous_unit:creator_token_status"", ""ambiguous_unit:hot_level"", ""invalid_kind:hot_level"", ""ambiguous_unit:is_show_alert"", ""ambiguous_unit:twitter_change_flag"", ""invalid_kind:twitter_change_flag"", ""ambiguous_unit:twitter_rename_count"", ""ambiguous_unit:twitter_del_post_token_count"", ""ambiguous_unit:twitter_create_token_count"", ""ambiguous_unit:rat_trader_amount_rate"", ""ambiguous_unit:bluechip_owner_percentage"", ""ambiguous_unit:rug_ratio"", ""ambiguous_unit:sniper_count"", ""ambiguous_unit:bundler_rate"", ""ambiguous_unit:entrapment_ratio"", ""ambiguous_unit:is_og"", ""ambiguous_unit:gas_fee"", ""ambiguous_unit:is_token_live"", ""ambiguous_unit:start_live_timestamp"", ""unknown_event_time:start_live_timestamp"", ""ambiguous_unit:end_live_timestamp"", ""unknown_event_time:end_live_timestamp"", ""ambiguous_unit:dev_team_hold_rate"", ""ambiguous_unit:top70_sniper_hold_rate"", ""ambiguous_unit:buy_tax"", ""invalid_kind:buy_tax"", ""ambiguous_unit:sell_tax"", ""invalid_kind:sell_tax"", ""ambiguous_unit:is_honeypot"", ""invalid_kind:is_honeypot"", ""ambiguous_unit:lock_percent"", ""ambiguous_unit:bot_degen_rate"", ""ambiguous_unit:twitter_dup"", ""ambiguous_unit:telegram_dup"", ""ambiguous_unit:website_dup"", ""ambiguous_unit:rank"", ""ambiguous_unit:square_mentions"", ""ambiguous_unit:visiting_count"", ""ambiguous_unit:launch_quote_address"", ""ambiguous_unit:migrated_pool_exchange"", ""invalid_kind:migrated_pool_exchange"", ""missing_usd_value:liquidity"", ""missing_risk_flag:is_honeypot"", ""below_policy_limit:market_cap""]","[""missing_field:transfer_paused"", ""missing_field:sell_simulation_success"", ""ambiguous_unit:is_honeypot"", ""invalid_kind:is_honeypot""]",False
fe8ad944-154e-4481-bd56-8ab821bfbfe1:0xa32cdb8e84c68eb995c8dc270b528d7c5d6a0f20,robinhood,0xa32cdb8e84c68eb995c8dc270b528d7c5d6a0f20,2026-09-28T19:12:39.012894Z,SKIP,"[""ambiguous_unit:price_change_percent"", ""below_domain:price_change_percent"", ""ambiguous_unit:price_change_percent1m"", ""ambiguous_unit:price_change_percent5m"", ""below_domain:price_change_percent5m"", ""ambiguous_unit:price_change_percent1h"", ""below_domain:price_change_percent1h"", ""ambiguous_unit:liquidity"", ""ambiguous_unit:total_supply"", ""ambiguous_unit:initial_liquidity"", ""ambiguous_unit:pool_type"", ""invalid_kind:pool_type"", ""ambiguous_unit:pool_type_str"", ""invalid_kind:pool_type_str"", ""ambiguous_unit:launchpad"", ""ambiguous_unit:launchpad_status"", ""ambiguous_unit:exchange"", ""ambiguous_unit:twitter_username"", ""ambiguous_unit:website"", ""ambiguous_unit:telegram"", ""invalid_kind:telegram"", ""ambiguous_unit:renounced_mint"", ""null_value:renounced_mint"", ""ambiguous_unit:renounced_freeze_account"", ""null_value:renounced_freeze_account"", ""ambiguous_unit:burn_ratio"", ""ambiguous_unit:burn_status"", ""ambiguous_unit:dev_token_burn_amount"", ""ambiguous_unit:dev_token_burn_ratio"", ""ambiguous_unit:creator"", ""ambiguous_unit:creator_token_status"", ""ambiguous_unit:hot_level"", ""invalid_kind:hot_level"", ""ambiguous_unit:is_show_alert"", ""ambiguous_unit:twitter_change_flag"", ""invalid_kind:twitter_change_flag"", ""ambiguous_unit:twitter_rename_count"", ""ambiguous_unit:twitter_del_post_token_count"", ""ambiguous_unit:twitter_create_token_count"", ""ambiguous_unit:rat_trader_amount_rate"", ""ambiguous_unit:bluechip_owner_percentage"", ""ambiguous_unit:rug_ratio"", ""ambiguous_unit:sniper_count"", ""ambiguous_unit:bundler_rate"", ""ambiguous_unit:entrapment_ratio"", ""ambiguous_unit:is_og"", ""ambiguous_unit:gas_fee"", ""ambiguous_unit:is_token_live"", ""ambiguous_unit:start_live_timestamp"", ""unknown_event_time:start_live_timestamp"", ""ambiguous_unit:end_live_timestamp"", ""unknown_event_time:end_live_timestamp"", ""ambiguous_unit:dev_team_hold_rate"", ""ambiguous_unit:top70_sniper_hold_rate"", ""ambiguous_unit:buy_tax"", ""invalid_kind:buy_tax"", ""ambiguous_unit:sell_tax"", ""invalid_kind:sell_tax"", ""ambiguous_unit:is_honeypot"", ""invalid_kind:is_honeypot"", ""ambiguous_unit:lock_percent"", ""ambiguous_unit:bot_degen_rate"", ""ambiguous_unit:twitter_dup"", ""ambiguous_unit:telegram_dup"", ""ambiguous_unit:website_dup"", ""ambiguous_unit:rank"", ""ambiguous_unit:square_mentions"", ""ambiguous_unit:visiting_count"", ""ambiguous_unit:launch_quote_address"", ""ambiguous_unit:migrated_pool_exchange"", ""missing_usd_value:liquidity"", ""missing_risk_flag:is_honeypot""]","[""missing_field:transfer_paused"", ""missing_field:sell_simulation_success"", ""ambiguous_unit:is_honeypot"", ""invalid_kind:is_honeypot""]",False
3af1faa1-2074-484e-893e-ed2c676e1576:FbrMGVE2548HfpMVhYsybmYyUQVHMefMiUSkckyipump,solana,FbrMGVE2548HfpMVhYsybmYyUQVHMefMiUSkckyipump,2026-09-28T19:12:40.365643Z,SKIP,"[""ambiguous_unit:price_change_percent"", ""below_domain:price_change_percent"", ""ambiguous_unit:price_change_percent1m"", ""ambiguous_unit:price_change_percent5m"", ""below_domain:price_change_percent5m"", ""ambiguous_unit:price_change_percent1h"", ""ambiguous_unit:liquidity"", ""ambiguous_unit:total_supply"", ""ambiguous_unit:initial_liquidity"", ""ambiguous_unit:pool_type"", ""invalid_kind:pool_type"", ""ambiguous_unit:pool_type_str"", ""invalid_kind:pool_type_str"", ""ambiguous_unit:launchpad"", ""ambiguous_unit:launchpad_status"", ""ambiguous_unit:exchange"", ""ambiguous_unit:twitter_username"", ""ambiguous_unit:website"", ""ambiguous_unit:telegram"", ""ambiguous_unit:burn_ratio"", ""ambiguous_unit:burn_status"", ""ambiguous_unit:dev_token_burn_amount"", ""ambiguous_unit:dev_token_burn_ratio"", ""ambiguous_unit:creator"", ""ambiguous_unit:creator_token_status"", ""ambiguous_unit:hot_level"", ""invalid_kind:hot_level"", ""ambiguous_unit:is_show_alert"", ""ambiguous_unit:twitter_change_flag"", ""invalid_kind:twitter_change_flag"", ""ambiguous_unit:twitter_rename_count"", ""ambiguous_unit:twitter_del_post_token_count"", ""ambiguous_unit:twitter_create_token_count"", ""ambiguous_unit:rat_trader_amount_rate"", ""ambiguous_unit:bluechip_owner_percentage"", ""ambiguous_unit:rug_ratio"", ""ambiguous_unit:sniper_count"", ""ambiguous_unit:bundler_rate"", ""ambiguous_unit:entrapment_ratio"", ""ambiguous_unit:is_og"", ""ambiguous_unit:gas_fee"", ""ambiguous_unit:is_token_live"", ""ambiguous_unit:start_live_timestamp"", ""unknown_event_time:start_live_timestamp"", ""ambiguous_unit:end_live_timestamp"", ""unknown_event_time:end_live_timestamp"", ""ambiguous_unit:dev_team_hold_rate"", ""ambiguous_unit:top70_sniper_hold_rate"", ""ambiguous_unit:buy_tax"", ""invalid_kind:buy_tax"", ""ambiguous_unit:sell_tax"", ""invalid_kind:sell_tax"", ""ambiguous_unit:is_honeypot"", ""invalid_kind:is_honeypot"", ""ambiguous_unit:lock_percent"", ""ambiguous_unit:bot_degen_rate"", ""ambiguous_unit:twitter_dup"", ""ambiguous_unit:telegram_dup"", ""ambiguous_unit:website_dup"", ""ambiguous_unit:rank"", ""ambiguous_unit:square_mentions"", ""ambiguous_unit:visiting_count"", ""ambiguous_unit:launch_quote_address"", ""ambiguous_unit:migrated_pool_exchange"", ""missing_usd_value:liquidity"", ""missing_risk_flag:is_honeypot""]","[""missing_field:transfer_paused"", ""missing_field:sell_simulation_success"", ""ambiguous_unit:is_honeypot"", ""invalid_kind:is_honeypot""]",False
3af1faa1-2074-484e-893e-ed2c676e1576:qyLr3k8yBZz5Lj3aV3uzmkqpGyyBqLyyfJ3ugbvpump,solana,qyLr3k8yBZz5Lj3aV3uzmkqpGyyBqLyyfJ3ugbvpump,2026-09-28T19:12:40.365643Z,SKIP,"[""ambiguous_unit:price_change_percent"", ""ambiguous_unit:price_change_percent1m"", ""ambiguous_unit:price_change_percent5m"", ""ambiguous_unit:price_change_percent1h"", ""ambiguous_unit:liquidity"", ""ambiguous_unit:total_supply"", ""ambiguous_unit:initial_liquidity"", ""unknown_event_time:open_timestamp"", ""ambiguous_unit:pool_type"", ""invalid_kind:pool_type"", ""ambiguous_unit:pool_type_str"", ""invalid_kind:pool_type_str"", ""ambiguous_unit:launchpad"", ""ambiguous_unit:launchpad_status"", ""ambiguous_unit:exchange"", ""ambiguous_unit:twitter_username"", ""ambiguous_unit:website"", ""ambiguous_unit:telegram"", ""ambiguous_unit:burn_ratio"", ""ambiguous_unit:burn_status"", ""ambiguous_unit:dev_token_burn_amount"", ""ambiguous_unit:dev_token_burn_ratio"", ""ambiguous_unit:creator"", ""ambiguous_unit:creator_token_status"", ""ambiguous_unit:hot_level"", ""invalid_kind:hot_level"", ""ambiguous_unit:is_show_alert"", ""ambiguous_unit:twitter_change_flag"", ""invalid_kind:twitter_change_flag"", ""ambiguous_unit:twitter_rename_count"", ""ambiguous_unit:twitter_del_post_token_count"", ""ambiguous_unit:twitter_create_token_count"", ""ambiguous_unit:rat_trader_amount_rate"", ""ambiguous_unit:bluechip_owner_percentage"", ""ambiguous_unit:rug_ratio"", ""ambiguous_unit:sniper_count"", ""ambiguous_unit:bundler_rate"", ""ambiguous_unit:entrapment_ratio"", ""ambiguous_unit:is_og"", ""ambiguous_unit:gas_fee"", ""ambiguous_unit:is_token_live"", ""ambiguous_unit:start_live_timestamp"", ""unknown_event_time:start_live_timestamp"", ""ambiguous_unit:end_live_timestamp"", ""unknown_event_time:end_live_timestamp"", ""ambiguous_unit:dev_team_hold_rate"", ""ambiguous_unit:top70_sniper_hold_rate"", ""ambiguous_unit:buy_tax"", ""invalid_kind:buy_tax"", ""ambiguous_unit:sell_tax"", ""invalid_kind:sell_tax"", ""ambiguous_unit:is_honeypot"", ""invalid_kind:is_honeypot"", ""ambiguous_unit:lock_percent"", ""ambiguous_unit:bot_degen_rate"", ""ambiguous_unit:twitter_dup"", ""ambiguous_unit:telegram_dup"", ""ambiguous_unit:website_dup"", ""ambiguous_unit:rank"", ""ambiguous_unit:square_mentions"", ""ambiguous_unit:visiting_count"", ""ambiguous_unit:launch_quote_address"", ""ambiguous_unit:migrated_pool_exchange"", ""invalid_kind:migrated_pool_exchange"", ""missing_usd_value:liquidity"", ""missing_risk_flag:is_honeypot"", ""below_policy_limit:market_cap""]","[""missing_field:transfer_paused"", ""missing_field:sell_simulation_success"", ""ambiguous_unit:is_honeypot"", ""invalid_kind:is_honeypot""]",False
fe8ad944-154e-4481-bd56-8ab821bfbfe1:0xb0788f5f65a9f4c0d8a634c45c391234f46221ab,robinhood,0xb0788f5f65a9f4c0d8a634c45c391234f46221ab,2026-09-28T19:12:39.012894Z,SKIP,"[""ambiguous_unit:price_change_percent"", ""ambiguous_unit:price_change_percent1m"", ""ambiguous_unit:price_change_percent5m"", ""ambiguous_unit:price_change_percent1h"", ""ambiguous_unit:liquidity"", ""ambiguous_unit:total_supply"", ""ambiguous_unit:initial_liquidity"", ""ambiguous_unit:pool_type"", ""invalid_kind:pool_type"", ""ambiguous_unit:pool_type_str"", ""invalid_kind:pool_type_str"", ""ambiguous_unit:launchpad"", ""ambiguous_unit:launchpad_status"", ""ambiguous_unit:exchange"", ""ambiguous_unit:twitter_username"", ""ambiguous_unit:website"", ""invalid_kind:website"", ""ambiguous_unit:telegram"", ""ambiguous_unit:renounced_mint"", ""null_value:renounced_mint"", ""ambiguous_unit:renounced_freeze_account"", ""null_value:renounced_freeze_account"", ""ambiguous_unit:burn_ratio"", ""ambiguous_unit:burn_status"", ""ambiguous_unit:dev_token_burn_amount"", ""ambiguous_unit:dev_token_burn_ratio"", ""ambiguous_unit:creator"", ""ambiguous_unit:creator_token_status"", ""ambiguous_unit:hot_level"", ""invalid_kind:hot_level"", ""ambiguous_unit:is_show_alert"", ""ambiguous_unit:twitter_change_flag"", ""invalid_kind:twitter_change_flag"", ""ambiguous_unit:twitter_rename_count"", ""ambiguous_unit:twitter_del_post_token_count"", ""ambiguous_unit:twitter_create_token_count"", ""ambiguous_unit:rat_trader_amount_rate"", ""ambiguous_unit:bluechip_owner_percentage"", ""ambiguous_unit:rug_ratio"", ""ambiguous_unit:sniper_count"", ""ambiguous_unit:bundler_rate"", ""ambiguous_unit:entrapment_ratio"", ""ambiguous_unit:is_og"", ""ambiguous_unit:gas_fee"", ""ambiguous_unit:is_token_live"", ""ambiguous_unit:start_live_timestamp"", ""unknown_event_time:start_live_timestamp"", ""ambiguous_unit:end_live_timestamp"", ""unknown_event_time:end_live_timestamp"", ""ambiguous_unit:dev_team_hold_rate"", ""ambiguous_unit:top70_sniper_hold_rate"", ""ambiguous_unit:buy_tax"", ""invalid_kind:buy_tax"", ""ambiguous_unit:sell_tax"", ""invalid_kind:sell_tax"", ""ambiguous_unit:is_honeypot"", ""invalid_kind:is_honeypot"", ""ambiguous_unit:lock_percent"", ""ambiguous_unit:bot_degen_rate"", ""ambiguous_unit:twitter_dup"", ""ambiguous_unit:telegram_dup"", ""ambiguous_unit:website_dup"", ""ambiguous_unit:rank"", ""ambiguous_unit:square_mentions"", ""ambiguous_unit:visiting_count"", ""ambiguous_unit:launch_quote_address"", ""ambiguous_unit:migrated_pool_exchange"", ""missing_usd_value:liquidity"", ""missing_risk_flag:is_honeypot""]","[""missing_field:transfer_paused"", ""missing_field:sell_simulation_success"", ""ambiguous_unit:is_honeypot"", ""invalid_kind:is_honeypot""]",False
fe8ad944-154e-4481-bd56-8ab821bfbfe1:0x739958e366a0509d4c51c1c164c509fff154adee,robinhood,0x739958e366a0509d4c51c1c164c509fff154adee,2026-09-28T19:12:39.012894Z,SKIP,"[""ambiguous_unit:price_change_percent"", ""below_domain:price_change_percent"", ""ambiguous_unit:price_change_percent1m"", ""ambiguous_unit:price_change_percent5m"", ""below_domain:price_change_percent5m"", ""ambiguous_unit:price_change_percent1h"", ""ambiguous_unit:liquidity"", ""ambiguous_unit:total_supply"", ""ambiguous_unit:initial_liquidity"", ""unknown_event_time:open_timestamp"", ""ambiguous_unit:pool_type"", ""invalid_kind:pool_type"", ""ambiguous_unit:pool_type_str"", ""invalid_kind:pool_type_str"", ""ambiguous_unit:launchpad"", ""invalid_kind:launchpad"", ""ambiguous_unit:launchpad_status"", ""ambiguous_unit:exchange"", ""ambiguous_unit:twitter_username"", ""ambiguous_unit:website"", ""ambiguous_unit:telegram"", ""invalid_kind:telegram"", ""ambiguous_unit:renounced_mint"", ""null_value:renounced_mint"", ""ambiguous_unit:renounced_freeze_account"", ""null_value:renounced_freeze_account"", ""ambiguous_unit:burn_ratio"", ""ambiguous_unit:burn_status"", ""ambiguous_unit:dev_token_burn_amount"", ""ambiguous_unit:dev_token_burn_ratio"", ""ambiguous_unit:creator"", ""ambiguous_unit:creator_token_status"", ""invalid_kind:creator_token_status"", ""ambiguous_unit:hot_level"", ""invalid_kind:hot_level"", ""ambiguous_unit:is_show_alert"", ""ambiguous_unit:twitter_change_flag"", ""invalid_kind:twitter_change_flag"", ""ambiguous_unit:twitter_rename_count"", ""ambiguous_unit:twitter_del_post_token_count"", ""ambiguous_unit:twitter_create_token_count"", ""ambiguous_unit:rat_trader_amount_rate"", ""ambiguous_unit:bluechip_owner_percentage"", ""ambiguous_unit:rug_ratio"", ""ambiguous_unit:sniper_count"", ""ambiguous_unit:bundler_rate"", ""ambiguous_unit:entrapment_ratio"", ""ambiguous_unit:is_og"", ""ambiguous_unit:gas_fee"", ""ambiguous_unit:is_token_live"", ""ambiguous_unit:start_live_timestamp"", ""unknown_event_time:start_live_timestamp"", ""ambiguous_unit:end_live_timestamp"", ""unknown_event_time:end_live_timestamp"", ""ambiguous_unit:dev_team_hold_rate"", ""ambiguous_unit:top70_sniper_hold_rate"", ""ambiguous_unit:buy_tax"", ""invalid_kind:buy_tax"", ""ambiguous_unit:sell_tax"", ""invalid_kind:sell_tax"", ""ambiguous_unit:is_honeypot"", ""invalid_kind:is_honeypot"", ""ambiguous_unit:lock_percent"", ""ambiguous_unit:bot_degen_rate"", ""ambiguous_unit:twitter_dup"", ""ambiguous_unit:telegram_dup"", ""ambiguous_unit:website_dup"", ""ambiguous_unit:rank"", ""ambiguous_unit:square_mentions"", ""ambiguous_unit:visiting_count"", ""ambiguous_unit:launch_quote_address"", ""invalid_address:launch_quote_address"", ""ambiguous_unit:migrated_pool_exchange"", ""invalid_kind:migrated_pool_exchange"", ""missing_usd_value:liquidity"", ""missing_risk_flag:is_honeypot""]","[""missing_field:transfer_paused"", ""missing_field:sell_simulation_success"", ""ambiguous_unit:is_honeypot"", ""invalid_kind:is_honeypot""]",False
663c0420-2b9e-4a94-998b-531fa9202dee:0x5c4d524ea1531b53a73f3cd0b7f75ae5b26913ba,robinhood,0x5c4d524ea1531b53a73f3cd0b7f75ae5b26913ba,2026-09-28T19:15:00.325882Z,SKIP,"[""ambiguous_unit:price_change_percent"", ""ambiguous_unit:price_change_percent1m"", ""ambiguous_unit:price_change_percent5m"", ""ambiguous_unit:price_change_percent1h"", ""ambiguous_unit:liquidity"", ""ambiguous_unit:total_supply"", ""ambiguous_unit:initial_liquidity"", ""unknown_event_time:open_timestamp"", ""ambiguous_unit:pool_type"", ""invalid_kind:pool_type"", ""ambiguous_unit:pool_type_str"", ""invalid_kind:pool_type_str"", ""ambiguous_unit:launchpad"", ""invalid_kind:launchpad"", ""ambiguous_unit:launchpad_status"", ""ambiguous_unit:exchange"", ""ambiguous_unit:twitter_username"", ""ambiguous_unit:website"", ""ambiguous_unit:telegram"", ""invalid_kind:telegram"", ""ambiguous_unit:renounced_mint"", ""null_value:renounced_mint"", ""ambiguous_unit:renounced_freeze_account"", ""null_value:renounced_freeze_account"", ""ambiguous_unit:burn_ratio"", ""ambiguous_unit:burn_status"", ""ambiguous_unit:dev_token_burn_amount"", ""ambiguous_unit:dev_token_burn_ratio"", ""ambiguous_unit:creator"", ""ambiguous_unit:creator_token_status"", ""ambiguous_unit:hot_level"", ""invalid_kind:hot_level"", ""ambiguous_unit:is_show_alert"", ""ambiguous_unit:twitter_change_flag"", ""invalid_kind:twitter_change_flag"", ""ambiguous_unit:twitter_rename_count"", ""ambiguous_unit:twitter_del_post_token_count"", ""ambiguous_unit:twitter_create_token_count"", ""ambiguous_unit:rat_trader_amount_rate"", ""ambiguous_unit:bluechip_owner_percentage"", ""ambiguous_unit:rug_ratio"", ""ambiguous_unit:sniper_count"", ""ambiguous_unit:bundler_rate"", ""ambiguous_unit:entrapment_ratio"", ""ambiguous_unit:is_og"", ""ambiguous_unit:gas_fee"", ""ambiguous_unit:is_token_live"", ""ambiguous_unit:start_live_timestamp"", ""unknown_event_time:start_live_timestamp"", ""ambiguous_unit:end_live_timestamp"", ""unknown_event_time:end_live_timestamp"", ""ambiguous_unit:dev_team_hold_rate"", ""ambiguous_unit:top70_sniper_hold_rate"", ""ambiguous_unit:buy_tax"", ""invalid_kind:buy_tax"", ""ambiguous_unit:sell_tax"", ""invalid_kind:sell_tax"", ""ambiguous_unit:is_honeypot"", ""invalid_kind:is_honeypot"", ""ambiguous_unit:lock_percent"", ""ambiguous_unit:bot_degen_rate"", ""ambiguous_unit:twitter_dup"", ""ambiguous_unit:telegram_dup"", ""ambiguous_unit:website_dup"", ""ambiguous_unit:rank"", ""ambiguous_unit:square_mentions"", ""ambiguous_unit:visiting_count"", ""ambiguous_unit:launch_quote_address"", ""invalid_address:launch_quote_address"", ""ambiguous_unit:migrated_pool_exchange"", ""invalid_kind:migrated_pool_exchange"", ""missing_usd_value:liquidity"", ""missing_risk_flag:is_honeypot""]","[""missing_field:transfer_paused"", ""missing_field:sell_simulation_success"", ""ambiguous_unit:is_honeypot"", ""invalid_kind:is_honeypot""]",False
795a88f0-804c-4f14-a3e8-ce8d9318f6df:0xcafdbce93477261db8250e42bdae6e66733f9e20,bsc,0xcafdbce93477261db8250e42bdae6e66733f9e20,2026-09-28T19:12:41.261074Z,SKIP,"[""ambiguous_unit:price_change_percent"", ""ambiguous_unit:price_change_percent1m"", ""ambiguous_unit:price_change_percent5m"", ""ambiguous_unit:price_change_percent1h"", ""below_domain:price_change_percent1h"", ""ambiguous_unit:liquidity"", ""ambiguous_unit:total_supply"", ""ambiguous_unit:initial_liquidity"", ""ambiguous_unit:pool_type"", ""invalid_kind:pool_type"", ""ambiguous_unit:pool_type_str"", ""invalid_kind:pool_type_str"", ""ambiguous_unit:launchpad"", ""ambiguous_unit:launchpad_status"", ""ambiguous_unit:exchange"", ""ambiguous_unit:twitter_username"", ""invalid_kind:twitter_username"", ""ambiguous_unit:website"", ""invalid_kind:website"", ""ambiguous_unit:telegram"", ""invalid_kind:telegram"", ""ambiguous_unit:renounced_mint"", ""null_value:renounced_mint"", ""ambiguous_unit:renounced_freeze_account"", ""null_value:renounced_freeze_account"", ""ambiguous_unit:burn_ratio"", ""ambiguous_unit:burn_status"", ""ambiguous_unit:dev_token_burn_amount"", ""ambiguous_unit:dev_token_burn_ratio"", ""ambiguous_unit:creator"", ""ambiguous_unit:creator_token_status"", ""ambiguous_unit:hot_level"", ""invalid_kind:hot_level"", ""ambiguous_unit:is_show_alert"", ""ambiguous_unit:twitter_change_flag"", ""invalid_kind:twitter_change_flag"", ""ambiguous_unit:twitter_rename_count"", ""ambiguous_unit:twitter_del_post_token_count"", ""ambiguous_unit:twitter_create_token_count"", ""ambiguous_unit:rat_trader_amount_rate"", ""ambiguous_unit:bluechip_owner_percentage"", ""ambiguous_unit:rug_ratio"", ""ambiguous_unit:sniper_count"", ""ambiguous_unit:bundler_rate"", ""ambiguous_unit:entrapment_ratio"", ""ambiguous_unit:is_og"", ""ambiguous_unit:gas_fee"", ""ambiguous_unit:is_token_live"", ""ambiguous_unit:start_live_timestamp"", ""unknown_event_time:start_live_timestamp"", ""ambiguous_unit:end_live_timestamp"", ""unknown_event_time:end_live_timestamp"", ""ambiguous_unit:dev_team_hold_rate"", ""ambiguous_unit:top70_sniper_hold_rate"", ""ambiguous_unit:buy_tax"", ""invalid_kind:buy_tax"", ""ambiguous_unit:sell_tax"", ""invalid_kind:sell_tax"", ""ambiguous_unit:lock_percent"", ""ambiguous_unit:bot_degen_rate"", ""ambiguous_unit:twitter_dup"", ""ambiguous_unit:telegram_dup"", ""ambiguous_unit:website_dup"", ""ambiguous_unit:rank"", ""ambiguous_unit:square_mentions"", ""ambiguous_unit:visiting_count"", ""ambiguous_unit:launch_quote_address"", ""ambiguous_unit:migrated_pool_exchange"", ""invalid_kind:migrated_pool_exchange"", ""missing_usd_value:liquidity""]","[""missing_field:transfer_paused"", ""missing_field:sell_simulation_success""]",False
fe8ad944-154e-4481-bd56-8ab821bfbfe1:0x49bac47750f3dcdba49350b5d74fd399e90f97c6,robinhood,0x49bac47750f3dcdba49350b5d74fd399e90f97c6,2026-09-28T19:12:39.012894Z,SKIP,"[""ambiguous_unit:price_change_percent"", ""ambiguous_unit:price_change_percent1m"", ""ambiguous_unit:price_change_percent5m"", ""ambiguous_unit:price_change_percent1h"", ""below_domain:price_change_percent1h"", ""ambiguous_unit:liquidity"", ""ambiguous_unit:total_supply"", ""ambiguous_unit:initial_liquidity"", ""ambiguous_unit:pool_type"", ""invalid_kind:pool_type"", ""ambiguous_unit:pool_type_str"", ""invalid_kind:pool_type_str"", ""ambiguous_unit:launchpad"", ""ambiguous_unit:launchpad_status"", ""ambiguous_unit:exchange"", ""ambiguous_unit:twitter_username"", ""ambiguous_unit:website"", ""ambiguous_unit:telegram"", ""ambiguous_unit:renounced_mint"", ""null_value:renounced_mint"", ""ambiguous_unit:renounced_freeze_account"", ""null_value:renounced_freeze_account"", ""ambiguous_unit:burn_ratio"", ""ambiguous_unit:burn_status"", ""ambiguous_unit:dev_token_burn_amount"", ""ambiguous_unit:dev_token_burn_ratio"", ""ambiguous_unit:creator"", ""ambiguous_unit:creator_token_status"", ""ambiguous_unit:hot_level"", ""invalid_kind:hot_level"", ""ambiguous_unit:is_show_alert"", ""ambiguous_unit:twitter_change_flag"", ""invalid_kind:twitter_change_flag"", ""ambiguous_unit:twitter_rename_count"", ""ambiguous_unit:twitter_del_post_token_count"", ""ambiguous_unit:twitter_create_token_count"", ""ambiguous_unit:rat_trader_amount_rate"", ""ambiguous_unit:bluechip_owner_percentage"", ""ambiguous_unit:rug_ratio"", ""ambiguous_unit:sniper_count"", ""ambiguous_unit:bundler_rate"", ""ambiguous_unit:entrapment_ratio"", ""ambiguous_unit:is_og"", ""ambiguous_unit:gas_fee"", ""ambiguous_unit:is_token_live"", ""ambiguous_unit:start_live_timestamp"", ""unknown_event_time:start_live_timestamp"", ""ambiguous_unit:end_live_timestamp"", ""unknown_event_time:end_live_timestamp"", ""ambiguous_unit:dev_team_hold_rate"", ""ambiguous_unit:top70_sniper_hold_rate"", ""ambiguous_unit:buy_tax"", ""invalid_kind:buy_tax"", ""ambiguous_unit:sell_tax"", ""invalid_kind:sell_tax"", ""ambiguous_unit:is_honeypot"", ""invalid_kind:is_honeypot"", ""ambiguous_unit:lock_percent"", ""ambiguous_unit:bot_degen_rate"", ""ambiguous_unit:twitter_dup"", ""ambiguous_unit:telegram_dup"", ""ambiguous_unit:website_dup"", ""ambiguous_unit:rank"", ""ambiguous_unit:square_mentions"", ""ambiguous_unit:visiting_count"", ""ambiguous_unit:launch_quote_address"", ""ambiguous_unit:migrated_pool_exchange"", ""missing_usd_value:liquidity"", ""missing_risk_flag:is_honeypot""]","[""missing_field:transfer_paused"", ""missing_field:sell_simulation_success"", ""ambiguous_unit:is_honeypot"", ""invalid_kind:is_honeypot""]",False
4e680297-1e75-418b-b818-8b2903e8b923:0x0339f5459fc690ac85f1782e15782a151b4a9e1b,robinhood,0x0339f5459fc690ac85f1782e15782a151b4a9e1b,2026-09-28T19:15:30.501058Z,SKIP,"[""ambiguous_unit:price_change_percent"", ""ambiguous_unit:price_change_percent1m"", ""ambiguous_unit:price_change_percent5m"", ""ambiguous_unit:price_change_percent1h"", ""below_domain:price_change_percent1h"", ""ambiguous_unit:liquidity"", ""ambiguous_unit:total_supply"", ""ambiguous_unit:initial_liquidity"", ""unknown_event_time:open_timestamp"", ""ambiguous_unit:pool_type"", ""invalid_kind:pool_type"", ""ambiguous_unit:pool_type_str"", ""invalid_kind:pool_type_str"", ""ambiguous_unit:launchpad"", ""invalid_kind:launchpad"", ""ambiguous_unit:launchpad_status"", ""ambiguous_unit:exchange"", ""ambiguous_unit:twitter_username"", ""invalid_kind:twitter_username"", ""ambiguous_unit:website"", ""invalid_kind:website"", ""ambiguous_unit:telegram"", ""invalid_kind:telegram"", ""ambiguous_unit:renounced_mint"", ""null_value:renounced_mint"", ""ambiguous_unit:renounced_freeze_account"", ""null_value:renounced_freeze_account"", ""ambiguous_unit:burn_ratio"", ""ambiguous_unit:burn_status"", ""ambiguous_unit:dev_token_burn_amount"", ""ambiguous_unit:dev_token_burn_ratio"", ""ambiguous_unit:creator"", ""ambiguous_unit:creator_token_status"", ""invalid_kind:creator_token_status"", ""ambiguous_unit:hot_level"", ""invalid_kind:hot_level"", ""ambiguous_unit:is_show_alert"", ""ambiguous_unit:twitter_change_flag"", ""invalid_kind:twitter_change_flag"", ""ambiguous_unit:twitter_rename_count"", ""ambiguous_unit:twitter_del_post_token_count"", ""ambiguous_unit:twitter_create_token_count"", ""ambiguous_unit:rat_trader_amount_rate"", ""ambiguous_unit:bluechip_owner_percentage"", ""ambiguous_unit:rug_ratio"", ""ambiguous_unit:sniper_count"", ""ambiguous_unit:bundler_rate"", ""ambiguous_unit:entrapment_ratio"", ""ambiguous_unit:is_og"", ""ambiguous_unit:gas_fee"", ""ambiguous_unit:is_token_live"", ""ambiguous_unit:start_live_timestamp"", ""unknown_event_time:start_live_timestamp"", ""ambiguous_unit:end_live_timestamp"", ""unknown_event_time:end_live_timestamp"", ""ambiguous_unit:dev_team_hold_rate"", ""ambiguous_unit:top70_sniper_hold_rate"", ""ambiguous_unit:buy_tax"", ""invalid_kind:buy_tax"", ""ambiguous_unit:sell_tax"", ""invalid_kind:sell_tax"", ""ambiguous_unit:is_honeypot"", ""invalid_kind:is_honeypot"", ""ambiguous_unit:lock_percent"", ""ambiguous_unit:bot_degen_rate"", ""ambiguous_unit:twitter_dup"", ""ambiguous_unit:telegram_dup"", ""ambiguous_unit:website_dup"", ""ambiguous_unit:rank"", ""ambiguous_unit:square_mentions"", ""ambiguous_unit:visiting_count"", ""ambiguous_unit:launch_quote_address"", ""invalid_address:launch_quote_address"", ""ambiguous_unit:migrated_pool_exchange"", ""invalid_kind:migrated_pool_exchange"", ""missing_usd_value:liquidity"", ""missing_risk_flag:is_honeypot""]","[""missing_field:transfer_paused"", ""missing_field:sell_simulation_success"", ""ambiguous_unit:is_honeypot"", ""invalid_kind:is_honeypot""]",False
abe58c43-9edf-4da1-b6d9-c4db72f14d79:0xc269d59a0d608ea0bd672f2f4616c372d8554444,bsc,0xc269d59a0d608ea0bd672f2f4616c372d8554444,2026-09-28T19:14:47.684789Z,SKIP,"[""ambiguous_unit:price_change_percent"", ""ambiguous_unit:price_change_percent1m"", ""ambiguous_unit:price_change_percent5m"", ""ambiguous_unit:price_change_percent1h"", ""ambiguous_unit:liquidity"", ""ambiguous_unit:total_supply"", ""ambiguous_unit:initial_liquidity"", ""unknown_event_time:open_timestamp"", ""ambiguous_unit:pool_type"", ""invalid_kind:pool_type"", ""ambiguous_unit:pool_type_str"", ""invalid_kind:pool_type_str"", ""ambiguous_unit:launchpad"", ""ambiguous_unit:launchpad_status"", ""ambiguous_unit:exchange"", ""ambiguous_unit:twitter_username"", ""ambiguous_unit:website"", ""ambiguous_unit:telegram"", ""ambiguous_unit:renounced_mint"", ""null_value:renounced_mint"", ""ambiguous_unit:renounced_freeze_account"", ""null_value:renounced_freeze_account"", ""ambiguous_unit:burn_ratio"", ""ambiguous_unit:burn_status"", ""ambiguous_unit:dev_token_burn_amount"", ""ambiguous_unit:dev_token_burn_ratio"", ""ambiguous_unit:creator"", ""ambiguous_unit:creator_token_status"", ""ambiguous_unit:hot_level"", ""invalid_kind:hot_level"", ""ambiguous_unit:is_show_alert"", ""ambiguous_unit:twitter_change_flag"", ""invalid_kind:twitter_change_flag"", ""ambiguous_unit:twitter_rename_count"", ""ambiguous_unit:twitter_del_post_token_count"", ""ambiguous_unit:twitter_create_token_count"", ""ambiguous_unit:rat_trader_amount_rate"", ""ambiguous_unit:bluechip_owner_percentage"", ""ambiguous_unit:rug_ratio"", ""ambiguous_unit:sniper_count"", ""ambiguous_unit:bundler_rate"", ""ambiguous_unit:entrapment_ratio"", ""ambiguous_unit:is_og"", ""ambiguous_unit:gas_fee"", ""ambiguous_unit:is_token_live"", ""ambiguous_unit:start_live_timestamp"", ""unknown_event_time:start_live_timestamp"", ""ambiguous_unit:end_live_timestamp"", ""unknown_event_time:end_live_timestamp"", ""ambiguous_unit:dev_team_hold_rate"", ""ambiguous_unit:top70_sniper_hold_rate"", ""ambiguous_unit:buy_tax"", ""invalid_kind:buy_tax"", ""ambiguous_unit:sell_tax"", ""invalid_kind:sell_tax"", ""ambiguous_unit:lock_percent"", ""ambiguous_unit:bot_degen_rate"", ""ambiguous_unit:twitter_dup"", ""ambiguous_unit:telegram_dup"", ""ambiguous_unit:website_dup"", ""ambiguous_unit:rank"", ""ambiguous_unit:square_mentions"", ""ambiguous_unit:visiting_count"", ""ambiguous_unit:launch_quote_address"", ""ambiguous_unit:migrated_pool_exchange"", ""missing_usd_value:liquidity""]","[""missing_field:transfer_paused"", ""missing_field:sell_simulation_success""]",False
fe8ad944-154e-4481-bd56-8ab821bfbfe1:0x862cdccb67c8a22fdb247d09a08b1dad09447777,robinhood,0x862cdccb67c8a22fdb247d09a08b1dad09447777,2026-09-28T19:12:39.012894Z,SKIP,"[""ambiguous_unit:price_change_percent"", ""below_domain:price_change_percent"", ""ambiguous_unit:price_change_percent1m"", ""ambiguous_unit:price_change_percent5m"", ""below_domain:price_change_percent5m"", ""ambiguous_unit:price_change_percent1h"", ""ambiguous_unit:liquidity"", ""ambiguous_unit:total_supply"", ""ambiguous_unit:initial_liquidity"", ""ambiguous_unit:pool_type"", ""invalid_kind:pool_type"", ""ambiguous_unit:pool_type_str"", ""invalid_kind:pool_type_str"", ""ambiguous_unit:launchpad"", ""ambiguous_unit:launchpad_status"", ""ambiguous_unit:exchange"", ""ambiguous_unit:twitter_username"", ""ambiguous_unit:website"", ""ambiguous_unit:telegram"", ""ambiguous_unit:renounced_mint"", ""null_value:renounced_mint"", ""ambiguous_unit:renounced_freeze_account"", ""null_value:renounced_freeze_account"", ""ambiguous_unit:burn_ratio"", ""ambiguous_unit:burn_status"", ""ambiguous_unit:dev_token_burn_amount"", ""ambiguous_unit:dev_token_burn_ratio"", ""ambiguous_unit:creator"", ""ambiguous_unit:creator_token_status"", ""ambiguous_unit:hot_level"", ""invalid_kind:hot_level"", ""ambiguous_unit:is_show_alert"", ""ambiguous_unit:twitter_change_flag"", ""invalid_kind:twitter_change_flag"", ""ambiguous_unit:twitter_rename_count"", ""ambiguous_unit:twitter_del_post_token_count"", ""ambiguous_unit:twitter_create_token_count"", ""ambiguous_unit:rat_trader_amount_rate"", ""ambiguous_unit:bluechip_owner_percentage"", ""ambiguous_unit:rug_ratio"", ""ambiguous_unit:sniper_count"", ""ambiguous_unit:bundler_rate"", ""ambiguous_unit:entrapment_ratio"", ""ambiguous_unit:is_og"", ""ambiguous_unit:gas_fee"", ""ambiguous_unit:is_token_live"", ""ambiguous_unit:start_live_timestamp"", ""unknown_event_time:start_live_timestamp"", ""ambiguous_unit:end_live_timestamp"", ""unknown_event_time:end_live_timestamp"", ""ambiguous_unit:dev_team_hold_rate"", ""ambiguous_unit:top70_sniper_hold_rate"", ""ambiguous_unit:buy_tax"", ""invalid_kind:buy_tax"", ""ambiguous_unit:sell_tax"", ""invalid_kind:sell_tax"", ""ambiguous_unit:is_honeypot"", ""invalid_kind:is_honeypot"", ""ambiguous_unit:lock_percent"", ""ambiguous_unit:bot_degen_rate"", ""ambiguous_unit:twitter_dup"", ""ambiguous_unit:telegram_dup"", ""ambiguous_unit:website_dup"", ""ambiguous_unit:rank"", ""ambiguous_unit:square_mentions"", ""ambiguous_unit:visiting_count"", ""ambiguous_unit:launch_quote_address"", ""ambiguous_unit:migrated_pool_exchange"", ""missing_usd_value:liquidity"", ""missing_risk_flag:is_honeypot""]","[""missing_field:transfer_paused"", ""missing_field:sell_simulation_success"", ""ambiguous_unit:is_honeypot"", ""invalid_kind:is_honeypot""]",False
fe8ad944-154e-4481-bd56-8ab821bfbfe1:0xccee82fe024c36fa15e1005ede3e9e4787e23d09,robinhood,0xccee82fe024c36fa15e1005ede3e9e4787e23d09,2026-09-28T19:12:39.012894Z,SKIP,"[""ambiguous_unit:price_change_percent"", ""ambiguous_unit:price_change_percent1m"", ""ambiguous_unit:price_change_percent5m"", ""ambiguous_unit:price_change_percent1h"", ""ambiguous_unit:liquidity"", ""ambiguous_unit:total_supply"", ""ambiguous_unit:initial_liquidity"", ""unknown_event_time:open_timestamp"", ""ambiguous_unit:pool_type"", ""invalid_kind:pool_type"", ""ambiguous_unit:pool_type_str"", ""invalid_kind:pool_type_str"", ""ambiguous_unit:launchpad"", ""invalid_kind:launchpad"", ""ambiguous_unit:launchpad_status"", ""ambiguous_unit:exchange"", ""ambiguous_unit:twitter_username"", ""invalid_kind:twitter_username"", ""ambiguous_unit:website"", ""invalid_kind:website"", ""ambiguous_unit:telegram"", ""invalid_kind:telegram"", ""ambiguous_unit:renounced_mint"", ""null_value:renounced_mint"", ""ambiguous_unit:renounced_freeze_account"", ""null_value:renounced_freeze_account"", ""ambiguous_unit:burn_ratio"", ""ambiguous_unit:burn_status"", ""ambiguous_unit:dev_token_burn_amount"", ""ambiguous_unit:dev_token_burn_ratio"", ""ambiguous_unit:creator"", ""ambiguous_unit:creator_token_status"", ""invalid_kind:creator_token_status"", ""ambiguous_unit:hot_level"", ""invalid_kind:hot_level"", ""ambiguous_unit:is_show_alert"", ""ambiguous_unit:twitter_change_flag"", ""invalid_kind:twitter_change_flag"", ""ambiguous_unit:twitter_rename_count"", ""ambiguous_unit:twitter_del_post_token_count"", ""ambiguous_unit:twitter_create_token_count"", ""ambiguous_unit:rat_trader_amount_rate"", ""ambiguous_unit:bluechip_owner_percentage"", ""ambiguous_unit:rug_ratio"", ""ambiguous_unit:sniper_count"", ""ambiguous_unit:bundler_rate"", ""ambiguous_unit:entrapment_ratio"", ""ambiguous_unit:is_og"", ""ambiguous_unit:gas_fee"", ""ambiguous_unit:is_token_live"", ""ambiguous_unit:start_live_timestamp"", ""unknown_event_time:start_live_timestamp"", ""ambiguous_unit:end_live_timestamp"", ""unknown_event_time:end_live_timestamp"", ""ambiguous_unit:dev_team_hold_rate"", ""ambiguous_unit:top70_sniper_hold_rate"", ""ambiguous_unit:buy_tax"", ""invalid_kind:buy_tax"", ""ambiguous_unit:sell_tax"", ""invalid_kind:sell_tax"", ""ambiguous_unit:is_honeypot"", ""invalid_kind:is_honeypot"", ""ambiguous_unit:lock_percent"", ""ambiguous_unit:bot_degen_rate"", ""ambiguous_unit:twitter_dup"", ""ambiguous_unit:telegram_dup"", ""ambiguous_unit:website_dup"", ""ambiguous_unit:rank"", ""ambiguous_unit:square_mentions"", ""ambiguous_unit:visiting_count"", ""ambiguous_unit:launch_quote_address"", ""invalid_address:launch_quote_address"", ""ambiguous_unit:migrated_pool_exchange"", ""invalid_kind:migrated_pool_exchange"", ""missing_usd_value:liquidity"", ""missing_risk_flag:is_honeypot""]","[""missing_field:transfer_paused"", ""missing_field:sell_simulation_success"", ""ambiguous_unit:is_honeypot"", ""invalid_kind:is_honeypot""]",False
795a88f0-804c-4f14-a3e8-ce8d9318f6df:0x70f2eadf1ca1969ff42b0c78e9da519e8937cbaf,bsc,0x70f2eadf1ca1969ff42b0c78e9da519e8937cbaf,2026-09-28T19:12:41.261074Z,SKIP,"[""ambiguous_unit:price_change_percent"", ""ambiguous_unit:price_change_percent1m"", ""ambiguous_unit:price_change_percent5m"", ""ambiguous_unit:price_change_percent1h"", ""below_domain:price_change_percent1h"", ""ambiguous_unit:liquidity"", ""ambiguous_unit:total_supply"", ""ambiguous_unit:initial_liquidity"", ""unknown_event_time:open_timestamp"", ""ambiguous_unit:pool_type"", ""invalid_kind:pool_type"", ""ambiguous_unit:pool_type_str"", ""invalid_kind:pool_type_str"", ""ambiguous_unit:launchpad"", ""invalid_kind:launchpad"", ""invalid_kind:launchpad_platform"", ""ambiguous_unit:launchpad_status"", ""ambiguous_unit:exchange"", ""ambiguous_unit:twitter_username"", ""invalid_kind:twitter_username"", ""ambiguous_unit:website"", ""invalid_kind:website"", ""ambiguous_unit:telegram"", ""invalid_kind:telegram"", ""ambiguous_unit:renounced_mint"", ""null_value:renounced_mint"", ""ambiguous_unit:renounced_freeze_account"", ""null_value:renounced_freeze_account"", ""ambiguous_unit:burn_ratio"", ""ambiguous_unit:burn_status"", ""ambiguous_unit:dev_token_burn_amount"", ""ambiguous_unit:dev_token_burn_ratio"", ""ambiguous_unit:creator"", ""ambiguous_unit:creator_token_status"", ""ambiguous_unit:hot_level"", ""invalid_kind:hot_level"", ""ambiguous_unit:is_show_alert"", ""ambiguous_unit:twitter_change_flag"", ""invalid_kind:twitter_change_flag"", ""ambiguous_unit:twitter_rename_count"", ""ambiguous_unit:twitter_del_post_token_count"", ""ambiguous_unit:twitter_create_token_count"", ""ambiguous_unit:rat_trader_amount_rate"", ""ambiguous_unit:bluechip_owner_percentage"", ""ambiguous_unit:rug_ratio"", ""ambiguous_unit:sniper_count"", ""ambiguous_unit:bundler_rate"", ""ambiguous_unit:entrapment_ratio"", ""ambiguous_unit:is_og"", ""ambiguous_unit:gas_fee"", ""ambiguous_unit:is_token_live"", ""ambiguous_unit:start_live_timestamp"", ""unknown_event_time:start_live_timestamp"", ""ambiguous_unit:end_live_timestamp"", ""unknown_event_time:end_live_timestamp"", ""ambiguous_unit:dev_team_hold_rate"", ""ambiguous_unit:top70_sniper_hold_rate"", ""ambiguous_unit:buy_tax"", ""invalid_kind:buy_tax"", ""ambiguous_unit:sell_tax"", ""invalid_kind:sell_tax"", ""ambiguous_unit:lock_percent"", ""ambiguous_unit:bot_degen_rate"", ""ambiguous_unit:twitter_dup"", ""ambiguous_unit:telegram_dup"", ""ambiguous_unit:website_dup"", ""ambiguous_unit:rank"", ""ambiguous_unit:square_mentions"", ""ambiguous_unit:visiting_count"", ""ambiguous_unit:launch_quote_address"", ""ambiguous_unit:migrated_pool_exchange"", ""invalid_kind:migrated_pool_exchange"", ""missing_usd_value:liquidity""]","[""missing_field:transfer_paused"", ""missing_field:sell_simulation_success""]",False
795a88f0-804c-4f14-a3e8-ce8d9318f6df:0xfa6d9b504848606eb9aec04ccc161d169b3f2159,bsc,0xfa6d9b504848606eb9aec04ccc161d169b3f2159,2026-09-28T19:12:41.261074Z,SKIP,"[""ambiguous_unit:price_change_percent"", ""ambiguous_unit:price_change_percent1m"", ""ambiguous_unit:price_change_percent5m"", ""ambiguous_unit:price_change_percent1h"", ""ambiguous_unit:liquidity"", ""ambiguous_unit:total_supply"", ""ambiguous_unit:initial_liquidity"", ""unknown_event_time:open_timestamp"", ""ambiguous_unit:pool_type"", ""invalid_kind:pool_type"", ""ambiguous_unit:pool_type_str"", ""invalid_kind:pool_type_str"", ""ambiguous_unit:launchpad"", ""invalid_kind:launchpad"", ""ambiguous_unit:launchpad_status"", ""ambiguous_unit:exchange"", ""ambiguous_unit:twitter_username"", ""ambiguous_unit:website"", ""ambiguous_unit:telegram"", ""invalid_kind:telegram"", ""ambiguous_unit:renounced_mint"", ""null_value:renounced_mint"", ""ambiguous_unit:renounced_freeze_account"", ""null_value:renounced_freeze_account"", ""ambiguous_unit:burn_ratio"", ""ambiguous_unit:burn_status"", ""ambiguous_unit:dev_token_burn_amount"", ""ambiguous_unit:dev_token_burn_ratio"", ""ambiguous_unit:creator"", ""ambiguous_unit:creator_token_status"", ""ambiguous_unit:hot_level"", ""invalid_kind:hot_level"", ""ambiguous_unit:is_show_alert"", ""ambiguous_unit:twitter_change_flag"", ""invalid_kind:twitter_change_flag"", ""ambiguous_unit:twitter_rename_count"", ""ambiguous_unit:twitter_del_post_token_count"", ""ambiguous_unit:twitter_create_token_count"", ""ambiguous_unit:rat_trader_amount_rate"", ""ambiguous_unit:bluechip_owner_percentage"", ""ambiguous_unit:rug_ratio"", ""ambiguous_unit:sniper_count"", ""ambiguous_unit:bundler_rate"", ""ambiguous_unit:entrapment_ratio"", ""ambiguous_unit:is_og"", ""ambiguous_unit:gas_fee"", ""ambiguous_unit:is_token_live"", ""ambiguous_unit:start_live_timestamp"", ""unknown_event_time:start_live_timestamp"", ""ambiguous_unit:end_live_timestamp"", ""unknown_event_time:end_live_timestamp"", ""ambiguous_unit:dev_team_hold_rate"", ""ambiguous_unit:top70_sniper_hold_rate"", ""ambiguous_unit:buy_tax"", ""invalid_kind:buy_tax"", ""ambiguous_unit:sell_tax"", ""invalid_kind:sell_tax"", ""ambiguous_unit:lock_percent"", ""ambiguous_unit:bot_degen_rate"", ""ambiguous_unit:twitter_dup"", ""ambiguous_unit:telegram_dup"", ""ambiguous_unit:website_dup"", ""ambiguous_unit:rank"", ""ambiguous_unit:square_mentions"", ""ambiguous_unit:visiting_count"", ""ambiguous_unit:launch_quote_address"", ""invalid_address:launch_quote_address"", ""ambiguous_unit:migrated_pool_exchange"", ""invalid_kind:migrated_pool_exchange"", ""missing_usd_value:liquidity""]","[""missing_field:transfer_paused"", ""missing_field:sell_simulation_success""]",False
6211f86d-6ba6-4eb3-a4e2-2f80b0dffff7:0x3ee4df61bd4f867e349beae8bfe07bc31b4850fb,bsc,0x3ee4df61bd4f867e349beae8bfe07bc31b4850fb,2026-09-28T19:14:02.894344Z,SKIP,"[""ambiguous_unit:price_change_percent"", ""ambiguous_unit:price_change_percent1m"", ""ambiguous_unit:price_change_percent5m"", ""ambiguous_unit:price_change_percent1h"", ""ambiguous_unit:liquidity"", ""ambiguous_unit:total_supply"", ""ambiguous_unit:initial_liquidity"", ""unknown_event_time:open_timestamp"", ""ambiguous_unit:pool_type"", ""invalid_kind:pool_type"", ""ambiguous_unit:pool_type_str"", ""invalid_kind:pool_type_str"", ""ambiguous_unit:launchpad"", ""invalid_kind:launchpad"", ""invalid_kind:launchpad_platform"", ""ambiguous_unit:launchpad_status"", ""ambiguous_unit:exchange"", ""ambiguous_unit:twitter_username"", ""invalid_kind:twitter_username"", ""ambiguous_unit:website"", ""invalid_kind:website"", ""ambiguous_unit:telegram"", ""invalid_kind:telegram"", ""ambiguous_unit:renounced_mint"", ""null_value:renounced_mint"", ""ambiguous_unit:renounced_freeze_account"", ""null_value:renounced_freeze_account"", ""ambiguous_unit:burn_ratio"", ""ambiguous_unit:burn_status"", ""ambiguous_unit:dev_token_burn_amount"", ""ambiguous_unit:dev_token_burn_ratio"", ""ambiguous_unit:creator"", ""ambiguous_unit:creator_token_status"", ""ambiguous_unit:hot_level"", ""invalid_kind:hot_level"", ""ambiguous_unit:is_show_alert"", ""ambiguous_unit:twitter_change_flag"", ""invalid_kind:twitter_change_flag"", ""ambiguous_unit:twitter_rename_count"", ""ambiguous_unit:twitter_del_post_token_count"", ""ambiguous_unit:twitter_create_token_count"", ""ambiguous_unit:rat_trader_amount_rate"", ""ambiguous_unit:bluechip_owner_percentage"", ""ambiguous_unit:rug_ratio"", ""ambiguous_unit:sniper_count"", ""ambiguous_unit:bundler_rate"", ""ambiguous_unit:entrapment_ratio"", ""ambiguous_unit:is_og"", ""ambiguous_unit:gas_fee"", ""ambiguous_unit:is_token_live"", ""ambiguous_unit:start_live_timestamp"", ""unknown_event_time:start_live_timestamp"", ""ambiguous_unit:end_live_timestamp"", ""unknown_event_time:end_live_timestamp"", ""ambiguous_unit:dev_team_hold_rate"", ""ambiguous_unit:top70_sniper_hold_rate"", ""ambiguous_unit:buy_tax"", ""invalid_kind:buy_tax"", ""ambiguous_unit:sell_tax"", ""invalid_kind:sell_tax"", ""ambiguous_unit:lock_percent"", ""ambiguous_unit:bot_degen_rate"", ""ambiguous_unit:twitter_dup"", ""ambiguous_unit:telegram_dup"", ""ambiguous_unit:website_dup"", ""ambiguous_unit:rank"", ""ambiguous_unit:square_mentions"", ""ambiguous_unit:visiting_count"", ""ambiguous_unit:launch_quote_address"", ""invalid_address:launch_quote_address"", ""ambiguous_unit:migrated_pool_exchange"", ""invalid_kind:migrated_pool_exchange"", ""missing_usd_value:liquidity""]","[""missing_field:transfer_paused"", ""missing_field:sell_simulation_success""]",False
795a88f0-804c-4f14-a3e8-ce8d9318f6df:0x5074546cb787d5a698ec8e9a1734e33a3fae7777,bsc,0x5074546cb787d5a698ec8e9a1734e33a3fae7777,2026-09-28T19:12:41.261074Z,SKIP,"[""ambiguous_unit:price_change_percent"", ""below_domain:price_change_percent"", ""ambiguous_unit:price_change_percent1m"", ""below_domain:price_change_percent1m"", ""ambiguous_unit:price_change_percent5m"", ""below_domain:price_change_percent5m"", ""ambiguous_unit:price_change_percent1h"", ""below_domain:price_change_percent1h"", ""ambiguous_unit:liquidity"", ""ambiguous_unit:total_supply"", ""ambiguous_unit:initial_liquidity"", ""ambiguous_unit:pool_type"", ""invalid_kind:pool_type"", ""ambiguous_unit:pool_type_str"", ""invalid_kind:pool_type_str"", ""ambiguous_unit:launchpad"", ""ambiguous_unit:launchpad_status"", ""ambiguous_unit:exchange"", ""ambiguous_unit:twitter_username"", ""ambiguous_unit:website"", ""invalid_kind:website"", ""ambiguous_unit:telegram"", ""invalid_kind:telegram"", ""ambiguous_unit:renounced_mint"", ""null_value:renounced_mint"", ""ambiguous_unit:renounced_freeze_account"", ""null_value:renounced_freeze_account"", ""ambiguous_unit:burn_ratio"", ""ambiguous_unit:burn_status"", ""ambiguous_unit:dev_token_burn_amount"", ""ambiguous_unit:dev_token_burn_ratio"", ""ambiguous_unit:creator"", ""ambiguous_unit:creator_token_status"", ""ambiguous_unit:hot_level"", ""invalid_kind:hot_level"", ""ambiguous_unit:is_show_alert"", ""ambiguous_unit:twitter_change_flag"", ""invalid_kind:twitter_change_flag"", ""ambiguous_unit:twitter_rename_count"", ""ambiguous_unit:twitter_del_post_token_count"", ""ambiguous_unit:twitter_create_token_count"", ""ambiguous_unit:rat_trader_amount_rate"", ""ambiguous_unit:bluechip_owner_percentage"", ""ambiguous_unit:rug_ratio"", ""ambiguous_unit:sniper_count"", ""ambiguous_unit:bundler_rate"", ""ambiguous_unit:entrapment_ratio"", ""ambiguous_unit:is_og"", ""ambiguous_unit:gas_fee"", ""ambiguous_unit:is_token_live"", ""ambiguous_unit:start_live_timestamp"", ""unknown_event_time:start_live_timestamp"", ""ambiguous_unit:end_live_timestamp"", ""unknown_event_time:end_live_timestamp"", ""ambiguous_unit:dev_team_hold_rate"", ""ambiguous_unit:top70_sniper_hold_rate"", ""ambiguous_unit:buy_tax"", ""invalid_kind:buy_tax"", ""ambiguous_unit:sell_tax"", ""invalid_kind:sell_tax"", ""ambiguous_unit:lock_percent"", ""ambiguous_unit:bot_degen_rate"", ""ambiguous_unit:twitter_dup"", ""ambiguous_unit:telegram_dup"", ""ambiguous_unit:website_dup"", ""ambiguous_unit:rank"", ""ambiguous_unit:square_mentions"", ""ambiguous_unit:visiting_count"", ""ambiguous_unit:launch_quote_address"", ""ambiguous_unit:migrated_pool_exchange"", ""missing_usd_value:liquidity""]","[""missing_field:transfer_paused"", ""missing_field:sell_simulation_success""]",False
795a88f0-804c-4f14-a3e8-ce8d9318f6df:0xae5a409773b9a7dd0ae94ff437ac213d8fafba01,bsc,0xae5a409773b9a7dd0ae94ff437ac213d8fafba01,2026-09-28T19:12:41.261074Z,SKIP,"[""ambiguous_unit:price_change_percent"", ""ambiguous_unit:price_change_percent1m"", ""ambiguous_unit:price_change_percent5m"", ""ambiguous_unit:price_change_percent1h"", ""ambiguous_unit:liquidity"", ""ambiguous_unit:total_supply"", ""ambiguous_unit:initial_liquidity"", ""unknown_event_time:open_timestamp"", ""ambiguous_unit:pool_type"", ""invalid_kind:pool_type"", ""ambiguous_unit:pool_type_str"", ""invalid_kind:pool_type_str"", ""ambiguous_unit:launchpad"", ""invalid_kind:launchpad"", ""ambiguous_unit:launchpad_status"", ""ambiguous_unit:exchange"", ""ambiguous_unit:twitter_username"", ""ambiguous_unit:website"", ""ambiguous_unit:telegram"", ""ambiguous_unit:renounced_mint"", ""null_value:renounced_mint"", ""ambiguous_unit:renounced_freeze_account"", ""null_value:renounced_freeze_account"", ""ambiguous_unit:burn_ratio"", ""ambiguous_unit:burn_status"", ""ambiguous_unit:dev_token_burn_amount"", ""ambiguous_unit:dev_token_burn_ratio"", ""ambiguous_unit:creator"", ""ambiguous_unit:creator_token_status"", ""ambiguous_unit:hot_level"", ""invalid_kind:hot_level"", ""ambiguous_unit:is_show_alert"", ""ambiguous_unit:twitter_change_flag"", ""invalid_kind:twitter_change_flag"", ""ambiguous_unit:twitter_rename_count"", ""ambiguous_unit:twitter_del_post_token_count"", ""ambiguous_unit:twitter_create_token_count"", ""ambiguous_unit:rat_trader_amount_rate"", ""ambiguous_unit:bluechip_owner_percentage"", ""ambiguous_unit:rug_ratio"", ""ambiguous_unit:sniper_count"", ""ambiguous_unit:bundler_rate"", ""ambiguous_unit:entrapment_ratio"", ""ambiguous_unit:is_og"", ""ambiguous_unit:gas_fee"", ""ambiguous_unit:is_token_live"", ""ambiguous_unit:start_live_timestamp"", ""unknown_event_time:start_live_timestamp"", ""ambiguous_unit:end_live_timestamp"", ""unknown_event_time:end_live_timestamp"", ""ambiguous_unit:dev_team_hold_rate"", ""ambiguous_unit:top70_sniper_hold_rate"", ""ambiguous_unit:buy_tax"", ""invalid_kind:buy_tax"", ""ambiguous_unit:sell_tax"", ""invalid_kind:sell_tax"", ""ambiguous_unit:lock_percent"", ""ambiguous_unit:bot_degen_rate"", ""ambiguous_unit:twitter_dup"", ""ambiguous_unit:telegram_dup"", ""ambiguous_unit:website_dup"", ""ambiguous_unit:rank"", ""ambiguous_unit:square_mentions"", ""ambiguous_unit:visiting_count"", ""ambiguous_unit:launch_quote_address"", ""ambiguous_unit:migrated_pool_exchange"", ""invalid_kind:migrated_pool_exchange"", ""missing_usd_value:liquidity""]","[""missing_field:transfer_paused"", ""missing_field:sell_simulation_success""]",False
795a88f0-804c-4f14-a3e8-ce8d9318f6df:0xd5f6ef5deabe61e6d5cdb49bfb6f156f2c1ca715,bsc,0xd5f6ef5deabe61e6d5cdb49bfb6f156f2c1ca715,2026-09-28T19:12:41.261074Z,SKIP,"[""ambiguous_unit:price_change_percent"", ""ambiguous_unit:price_change_percent1m"", ""ambiguous_unit:price_change_percent5m"", ""ambiguous_unit:price_change_percent1h"", ""ambiguous_unit:liquidity"", ""ambiguous_unit:total_supply"", ""ambiguous_unit:initial_liquidity"", ""unknown_event_time:open_timestamp"", ""ambiguous_unit:pool_type"", ""invalid_kind:pool_type"", ""ambiguous_unit:pool_type_str"", ""invalid_kind:pool_type_str"", ""ambiguous_unit:launchpad"", ""invalid_kind:launchpad"", ""invalid_kind:launchpad_platform"", ""ambiguous_unit:launchpad_status"", ""ambiguous_unit:exchange"", ""ambiguous_unit:twitter_username"", ""ambiguous_unit:website"", ""ambiguous_unit:telegram"", ""invalid_kind:telegram"", ""ambiguous_unit:renounced_mint"", ""null_value:renounced_mint"", ""ambiguous_unit:renounced_freeze_account"", ""null_value:renounced_freeze_account"", ""ambiguous_unit:burn_ratio"", ""ambiguous_unit:burn_status"", ""ambiguous_unit:dev_token_burn_amount"", ""ambiguous_unit:dev_token_burn_ratio"", ""ambiguous_unit:creator"", ""ambiguous_unit:creator_token_status"", ""ambiguous_unit:hot_level"", ""invalid_kind:hot_level"", ""ambiguous_unit:is_show_alert"", ""ambiguous_unit:twitter_change_flag"", ""invalid_kind:twitter_change_flag"", ""ambiguous_unit:twitter_rename_count"", ""ambiguous_unit:twitter_del_post_token_count"", ""ambiguous_unit:twitter_create_token_count"", ""ambiguous_unit:rat_trader_amount_rate"", ""ambiguous_unit:bluechip_owner_percentage"", ""ambiguous_unit:rug_ratio"", ""ambiguous_unit:sniper_count"", ""ambiguous_unit:bundler_rate"", ""ambiguous_unit:entrapment_ratio"", ""ambiguous_unit:is_og"", ""ambiguous_unit:gas_fee"", ""ambiguous_unit:is_token_live"", ""ambiguous_unit:start_live_timestamp"", ""unknown_event_time:start_live_timestamp"", ""ambiguous_unit:end_live_timestamp"", ""unknown_event_time:end_live_timestamp"", ""ambiguous_unit:dev_team_hold_rate"", ""ambiguous_unit:top70_sniper_hold_rate"", ""ambiguous_unit:buy_tax"", ""invalid_kind:buy_tax"", ""ambiguous_unit:sell_tax"", ""invalid_kind:sell_tax"", ""ambiguous_unit:lock_percent"", ""ambiguous_unit:bot_degen_rate"", ""ambiguous_unit:twitter_dup"", ""ambiguous_unit:telegram_dup"", ""ambiguous_unit:website_dup"", ""ambiguous_unit:rank"", ""ambiguous_unit:square_mentions"", ""ambiguous_unit:visiting_count"", ""ambiguous_unit:launch_quote_address"", ""invalid_address:launch_quote_address"", ""ambiguous_unit:migrated_pool_exchange"", ""invalid_kind:migrated_pool_exchange"", ""missing_usd_value:liquidity""]","[""missing_field:transfer_paused"", ""missing_field:sell_simulation_success""]",False
795a88f0-804c-4f14-a3e8-ce8d9318f6df:0x9b8e987e6fec8cf1380c4dca7071e2c7853aeea1,bsc,0x9b8e987e6fec8cf1380c4dca7071e2c7853aeea1,2026-09-28T19:12:41.261074Z,SKIP,"[""ambiguous_unit:price_change_percent"", ""ambiguous_unit:price_change_percent1m"", ""ambiguous_unit:price_change_percent5m"", ""ambiguous_unit:price_change_percent1h"", ""ambiguous_unit:liquidity"", ""ambiguous_unit:total_supply"", ""ambiguous_unit:initial_liquidity"", ""unknown_event_time:open_timestamp"", ""ambiguous_unit:pool_type"", ""invalid_kind:pool_type"", ""ambiguous_unit:pool_type_str"", ""invalid_kind:pool_type_str"", ""ambiguous_unit:launchpad"", ""invalid_kind:launchpad"", ""ambiguous_unit:launchpad_status"", ""ambiguous_unit:exchange"", ""ambiguous_unit:twitter_username"", ""invalid_kind:twitter_username"", ""ambiguous_unit:website"", ""invalid_kind:website"", ""ambiguous_unit:telegram"", ""invalid_kind:telegram"", ""ambiguous_unit:renounced_mint"", ""null_value:renounced_mint"", ""ambiguous_unit:renounced_freeze_account"", ""null_value:renounced_freeze_account"", ""ambiguous_unit:burn_ratio"", ""ambiguous_unit:burn_status"", ""ambiguous_unit:dev_token_burn_amount"", ""ambiguous_unit:dev_token_burn_ratio"", ""ambiguous_unit:creator"", ""ambiguous_unit:creator_token_status"", ""ambiguous_unit:hot_level"", ""invalid_kind:hot_level"", ""ambiguous_unit:is_show_alert"", ""ambiguous_unit:twitter_change_flag"", ""invalid_kind:twitter_change_flag"", ""ambiguous_unit:twitter_rename_count"", ""ambiguous_unit:twitter_del_post_token_count"", ""ambiguous_unit:twitter_create_token_count"", ""ambiguous_unit:rat_trader_amount_rate"", ""ambiguous_unit:bluechip_owner_percentage"", ""ambiguous_unit:rug_ratio"", ""ambiguous_unit:sniper_count"", ""ambiguous_unit:bundler_rate"", ""ambiguous_unit:entrapment_ratio"", ""ambiguous_unit:is_og"", ""ambiguous_unit:gas_fee"", ""ambiguous_unit:is_token_live"", ""ambiguous_unit:start_live_timestamp"", ""unknown_event_time:start_live_timestamp"", ""ambiguous_unit:end_live_timestamp"", ""unknown_event_time:end_live_timestamp"", ""ambiguous_unit:dev_team_hold_rate"", ""ambiguous_unit:top70_sniper_hold_rate"", ""ambiguous_unit:buy_tax"", ""invalid_kind:buy_tax"", ""ambiguous_unit:sell_tax"", ""invalid_kind:sell_tax"", ""ambiguous_unit:lock_percent"", ""ambiguous_unit:bot_degen_rate"", ""ambiguous_unit:twitter_dup"", ""ambiguous_unit:telegram_dup"", ""ambiguous_unit:website_dup"", ""ambiguous_unit:rank"", ""ambiguous_unit:square_mentions"", ""ambiguous_unit:visiting_count"", ""ambiguous_unit:launch_quote_address"", ""invalid_address:launch_quote_address"", ""ambiguous_unit:migrated_pool_exchange"", ""invalid_kind:migrated_pool_exchange"", ""missing_usd_value:liquidity""]","[""missing_field:transfer_paused"", ""missing_field:sell_simulation_success""]",False
e161007c-0751-46e4-acc9-c8e28cd7190a:0x15d36b6a28d8327abc7afabf0f106ae2c9af5c4d,robinhood,0x15d36b6a28d8327abc7afabf0f106ae2c9af5c4d,2026-09-28T19:17:30.451540Z,SKIP,"[""ambiguous_unit:price_change_percent"", ""ambiguous_unit:price_change_percent1m"", ""ambiguous_unit:price_change_percent5m"", ""ambiguous_unit:price_change_percent1h"", ""below_domain:price_change_percent1h"", ""ambiguous_unit:liquidity"", ""ambiguous_unit:total_supply"", ""ambiguous_unit:initial_liquidity"", ""ambiguous_unit:pool_type"", ""invalid_kind:pool_type"", ""ambiguous_unit:pool_type_str"", ""invalid_kind:pool_type_str"", ""ambiguous_unit:launchpad"", ""ambiguous_unit:launchpad_status"", ""ambiguous_unit:exchange"", ""ambiguous_unit:twitter_username"", ""ambiguous_unit:website"", ""ambiguous_unit:telegram"", ""invalid_kind:telegram"", ""ambiguous_unit:renounced_mint"", ""null_value:renounced_mint"", ""ambiguous_unit:renounced_freeze_account"", ""null_value:renounced_freeze_account"", ""ambiguous_unit:burn_ratio"", ""ambiguous_unit:burn_status"", ""ambiguous_unit:dev_token_burn_amount"", ""ambiguous_unit:dev_token_burn_ratio"", ""ambiguous_unit:creator"", ""ambiguous_unit:creator_token_status"", ""ambiguous_unit:hot_level"", ""invalid_kind:hot_level"", ""ambiguous_unit:is_show_alert"", ""ambiguous_unit:twitter_change_flag"", ""invalid_kind:twitter_change_flag"", ""ambiguous_unit:twitter_rename_count"", ""ambiguous_unit:twitter_del_post_token_count"", ""ambiguous_unit:twitter_create_token_count"", ""ambiguous_unit:rat_trader_amount_rate"", ""ambiguous_unit:bluechip_owner_percentage"", ""ambiguous_unit:rug_ratio"", ""ambiguous_unit:sniper_count"", ""ambiguous_unit:bundler_rate"", ""ambiguous_unit:entrapment_ratio"", ""ambiguous_unit:is_og"", ""ambiguous_unit:gas_fee"", ""ambiguous_unit:is_token_live"", ""ambiguous_unit:start_live_timestamp"", ""unknown_event_time:start_live_timestamp"", ""ambiguous_unit:end_live_timestamp"", ""unknown_event_time:end_live_timestamp"", ""ambiguous_unit:dev_team_hold_rate"", ""ambiguous_unit:top70_sniper_hold_rate"", ""ambiguous_unit:buy_tax"", ""invalid_kind:buy_tax"", ""ambiguous_unit:sell_tax"", ""invalid_kind:sell_tax"", ""ambiguous_unit:is_honeypot"", ""invalid_kind:is_honeypot"", ""ambiguous_unit:lock_percent"", ""ambiguous_unit:bot_degen_rate"", ""ambiguous_unit:twitter_dup"", ""ambiguous_unit:telegram_dup"", ""ambiguous_unit:website_dup"", ""ambiguous_unit:rank"", ""ambiguous_unit:square_mentions"", ""ambiguous_unit:visiting_count"", ""ambiguous_unit:launch_quote_address"", ""ambiguous_unit:migrated_pool_exchange"", ""missing_usd_value:liquidity"", ""missing_risk_flag:is_honeypot""]","[""missing_field:transfer_paused"", ""missing_field:sell_simulation_success"", ""ambiguous_unit:is_honeypot"", ""invalid_kind:is_honeypot""]",False
d9b7eccd-b77f-4cc6-8305-4a84d44c62e0:0xbd7909318b9ca4ff140b840f69bb310a785d1095,bsc,0xbd7909318b9ca4ff140b840f69bb310a785d1095,2026-09-28T19:15:02.698030Z,SKIP,"[""ambiguous_unit:price_change_percent"", ""ambiguous_unit:price_change_percent1m"", ""ambiguous_unit:price_change_percent5m"", ""ambiguous_unit:price_change_percent1h"", ""ambiguous_unit:liquidity"", ""ambiguous_unit:total_supply"", ""ambiguous_unit:initial_liquidity"", ""unknown_event_time:open_timestamp"", ""ambiguous_unit:pool_type"", ""invalid_kind:pool_type"", ""ambiguous_unit:pool_type_str"", ""invalid_kind:pool_type_str"", ""ambiguous_unit:launchpad"", ""invalid_kind:launchpad"", ""ambiguous_unit:launchpad_status"", ""ambiguous_unit:exchange"", ""ambiguous_unit:twitter_username"", ""ambiguous_unit:website"", ""ambiguous_unit:telegram"", ""ambiguous_unit:renounced_mint"", ""null_value:renounced_mint"", ""ambiguous_unit:renounced_freeze_account"", ""null_value:renounced_freeze_account"", ""ambiguous_unit:burn_ratio"", ""ambiguous_unit:burn_status"", ""ambiguous_unit:dev_token_burn_amount"", ""ambiguous_unit:dev_token_burn_ratio"", ""ambiguous_unit:creator"", ""ambiguous_unit:creator_token_status"", ""ambiguous_unit:hot_level"", ""invalid_kind:hot_level"", ""ambiguous_unit:is_show_alert"", ""ambiguous_unit:twitter_change_flag"", ""invalid_kind:twitter_change_flag"", ""ambiguous_unit:twitter_rename_count"", ""ambiguous_unit:twitter_del_post_token_count"", ""ambiguous_unit:twitter_create_token_count"", ""ambiguous_unit:rat_trader_amount_rate"", ""ambiguous_unit:bluechip_owner_percentage"", ""ambiguous_unit:rug_ratio"", ""ambiguous_unit:sniper_count"", ""ambiguous_unit:bundler_rate"", ""ambiguous_unit:entrapment_ratio"", ""ambiguous_unit:is_og"", ""ambiguous_unit:gas_fee"", ""ambiguous_unit:is_token_live"", ""ambiguous_unit:start_live_timestamp"", ""unknown_event_time:start_live_timestamp"", ""ambiguous_unit:end_live_timestamp"", ""unknown_event_time:end_live_timestamp"", ""ambiguous_unit:dev_team_hold_rate"", ""ambiguous_unit:top70_sniper_hold_rate"", ""ambiguous_unit:buy_tax"", ""invalid_kind:buy_tax"", ""ambiguous_unit:sell_tax"", ""invalid_kind:sell_tax"", ""ambiguous_unit:lock_percent"", ""ambiguous_unit:bot_degen_rate"", ""ambiguous_unit:twitter_dup"", ""ambiguous_unit:telegram_dup"", ""ambiguous_unit:website_dup"", ""ambiguous_unit:rank"", ""ambiguous_unit:square_mentions"", ""ambiguous_unit:visiting_count"", ""ambiguous_unit:launch_quote_address"", ""invalid_address:launch_quote_address"", ""ambiguous_unit:migrated_pool_exchange"", ""invalid_kind:migrated_pool_exchange"", ""missing_usd_value:liquidity""]","[""missing_field:transfer_paused"", ""missing_field:sell_simulation_success""]",False
795a88f0-804c-4f14-a3e8-ce8d9318f6df:0x4902c5ebc598265ed2212b559b042de8a5eeec3f,bsc,0x4902c5ebc598265ed2212b559b042de8a5eeec3f,2026-09-28T19:12:41.261074Z,SKIP,"[""ambiguous_unit:price_change_percent"", ""ambiguous_unit:price_change_percent1m"", ""ambiguous_unit:price_change_percent5m"", ""ambiguous_unit:price_change_percent1h"", ""ambiguous_unit:liquidity"", ""ambiguous_unit:total_supply"", ""ambiguous_unit:initial_liquidity"", ""unknown_event_time:open_timestamp"", ""ambiguous_unit:pool_type"", ""invalid_kind:pool_type"", ""ambiguous_unit:pool_type_str"", ""invalid_kind:pool_type_str"", ""ambiguous_unit:launchpad"", ""invalid_kind:launchpad"", ""ambiguous_unit:launchpad_status"", ""ambiguous_unit:exchange"", ""ambiguous_unit:twitter_username"", ""invalid_kind:twitter_username"", ""ambiguous_unit:website"", ""invalid_kind:website"", ""ambiguous_unit:telegram"", ""invalid_kind:telegram"", ""ambiguous_unit:renounced_mint"", ""null_value:renounced_mint"", ""ambiguous_unit:renounced_freeze_account"", ""null_value:renounced_freeze_account"", ""ambiguous_unit:burn_ratio"", ""ambiguous_unit:burn_status"", ""ambiguous_unit:dev_token_burn_amount"", ""ambiguous_unit:dev_token_burn_ratio"", ""ambiguous_unit:creator"", ""ambiguous_unit:creator_token_status"", ""invalid_kind:creator_token_status"", ""ambiguous_unit:hot_level"", ""invalid_kind:hot_level"", ""ambiguous_unit:is_show_alert"", ""ambiguous_unit:twitter_change_flag"", ""invalid_kind:twitter_change_flag"", ""ambiguous_unit:twitter_rename_count"", ""ambiguous_unit:twitter_del_post_token_count"", ""ambiguous_unit:twitter_create_token_count"", ""ambiguous_unit:rat_trader_amount_rate"", ""ambiguous_unit:bluechip_owner_percentage"", ""ambiguous_unit:rug_ratio"", ""ambiguous_unit:sniper_count"", ""ambiguous_unit:bundler_rate"", ""ambiguous_unit:entrapment_ratio"", ""ambiguous_unit:is_og"", ""ambiguous_unit:gas_fee"", ""ambiguous_unit:is_token_live"", ""ambiguous_unit:start_live_timestamp"", ""unknown_event_time:start_live_timestamp"", ""ambiguous_unit:end_live_timestamp"", ""unknown_event_time:end_live_timestamp"", ""ambiguous_unit:dev_team_hold_rate"", ""ambiguous_unit:top70_sniper_hold_rate"", ""ambiguous_unit:buy_tax"", ""invalid_kind:buy_tax"", ""ambiguous_unit:sell_tax"", ""invalid_kind:sell_tax"", ""ambiguous_unit:lock_percent"", ""ambiguous_unit:bot_degen_rate"", ""ambiguous_unit:twitter_dup"", ""ambiguous_unit:telegram_dup"", ""ambiguous_unit:website_dup"", ""ambiguous_unit:rank"", ""ambiguous_unit:square_mentions"", ""ambiguous_unit:visiting_count"", ""ambiguous_unit:launch_quote_address"", ""invalid_address:launch_quote_address"", ""ambiguous_unit:migrated_pool_exchange"", ""invalid_kind:migrated_pool_exchange"", ""missing_usd_value:liquidity""]","[""missing_field:transfer_paused"", ""missing_field:sell_simulation_success""]",False
68440f72-d36c-4c27-867d-03a757db141f:0x7a848a5a8169aa6a2f603d056a749f924f504444,bsc,0x7a848a5a8169aa6a2f603d056a749f924f504444,2026-09-28T19:14:18.283251Z,SKIP,"[""ambiguous_unit:price_change_percent"", ""ambiguous_unit:price_change_percent1m"", ""ambiguous_unit:price_change_percent5m"", ""ambiguous_unit:price_change_percent1h"", ""ambiguous_unit:liquidity"", ""ambiguous_unit:total_supply"", ""ambiguous_unit:initial_liquidity"", ""ambiguous_unit:pool_type"", ""invalid_kind:pool_type"", ""ambiguous_unit:pool_type_str"", ""invalid_kind:pool_type_str"", ""ambiguous_unit:launchpad"", ""ambiguous_unit:launchpad_status"", ""ambiguous_unit:exchange"", ""ambiguous_unit:twitter_username"", ""ambiguous_unit:website"", ""invalid_kind:website"", ""ambiguous_unit:telegram"", ""invalid_kind:telegram"", ""ambiguous_unit:renounced_mint"", ""null_value:renounced_mint"", ""ambiguous_unit:renounced_freeze_account"", ""null_value:renounced_freeze_account"", ""ambiguous_unit:burn_ratio"", ""ambiguous_unit:burn_status"", ""ambiguous_unit:dev_token_burn_amount"", ""ambiguous_unit:dev_token_burn_ratio"", ""ambiguous_unit:creator"", ""ambiguous_unit:creator_token_status"", ""ambiguous_unit:hot_level"", ""invalid_kind:hot_level"", ""ambiguous_unit:is_show_alert"", ""ambiguous_unit:twitter_change_flag"", ""invalid_kind:twitter_change_flag"", ""ambiguous_unit:twitter_rename_count"", ""ambiguous_unit:twitter_del_post_token_count"", ""ambiguous_unit:twitter_create_token_count"", ""ambiguous_unit:rat_trader_amount_rate"", ""ambiguous_unit:bluechip_owner_percentage"", ""ambiguous_unit:rug_ratio"", ""ambiguous_unit:sniper_count"", ""ambiguous_unit:bundler_rate"", ""ambiguous_unit:entrapment_ratio"", ""ambiguous_unit:is_og"", ""ambiguous_unit:gas_fee"", ""ambiguous_unit:is_token_live"", ""ambiguous_unit:start_live_timestamp"", ""unknown_event_time:start_live_timestamp"", ""ambiguous_unit:end_live_timestamp"", ""unknown_event_time:end_live_timestamp"", ""ambiguous_unit:dev_team_hold_rate"", ""ambiguous_unit:top70_sniper_hold_rate"", ""ambiguous_unit:buy_tax"", ""invalid_kind:buy_tax"", ""ambiguous_unit:sell_tax"", ""invalid_kind:sell_tax"", ""ambiguous_unit:lock_percent"", ""ambiguous_unit:bot_degen_rate"", ""ambiguous_unit:twitter_dup"", ""ambiguous_unit:telegram_dup"", ""ambiguous_unit:website_dup"", ""ambiguous_unit:rank"", ""ambiguous_unit:square_mentions"", ""ambiguous_unit:visiting_count"", ""ambiguous_unit:launch_quote_address"", ""ambiguous_unit:migrated_pool_exchange"", ""missing_usd_value:liquidity""]","[""missing_field:transfer_paused"", ""missing_field:sell_simulation_success""]",False
795a88f0-804c-4f14-a3e8-ce8d9318f6df:0x75b364916b65f1e8959fa0210a6922c2ee237777,bsc,0x75b364916b65f1e8959fa0210a6922c2ee237777,2026-09-28T19:12:41.261074Z,SKIP,"[""ambiguous_unit:price_change_percent"", ""ambiguous_unit:price_change_percent1m"", ""ambiguous_unit:price_change_percent5m"", ""ambiguous_unit:price_change_percent1h"", ""ambiguous_unit:liquidity"", ""ambiguous_unit:total_supply"", ""ambiguous_unit:initial_liquidity"", ""ambiguous_unit:pool_type"", ""invalid_kind:pool_type"", ""ambiguous_unit:pool_type_str"", ""invalid_kind:pool_type_str"", ""ambiguous_unit:launchpad"", ""ambiguous_unit:launchpad_status"", ""ambiguous_unit:exchange"", ""ambiguous_unit:twitter_username"", ""ambiguous_unit:website"", ""ambiguous_unit:telegram"", ""invalid_kind:telegram"", ""ambiguous_unit:renounced_mint"", ""null_value:renounced_mint"", ""ambiguous_unit:renounced_freeze_account"", ""null_value:renounced_freeze_account"", ""ambiguous_unit:burn_ratio"", ""ambiguous_unit:burn_status"", ""ambiguous_unit:dev_token_burn_amount"", ""ambiguous_unit:dev_token_burn_ratio"", ""ambiguous_unit:creator"", ""ambiguous_unit:creator_token_status"", ""ambiguous_unit:hot_level"", ""invalid_kind:hot_level"", ""ambiguous_unit:is_show_alert"", ""ambiguous_unit:twitter_change_flag"", ""invalid_kind:twitter_change_flag"", ""ambiguous_unit:twitter_rename_count"", ""ambiguous_unit:twitter_del_post_token_count"", ""ambiguous_unit:twitter_create_token_count"", ""ambiguous_unit:rat_trader_amount_rate"", ""ambiguous_unit:bluechip_owner_percentage"", ""ambiguous_unit:rug_ratio"", ""ambiguous_unit:sniper_count"", ""ambiguous_unit:bundler_rate"", ""ambiguous_unit:entrapment_ratio"", ""ambiguous_unit:is_og"", ""ambiguous_unit:gas_fee"", ""ambiguous_unit:is_token_live"", ""ambiguous_unit:start_live_timestamp"", ""unknown_event_time:start_live_timestamp"", ""ambiguous_unit:end_live_timestamp"", ""unknown_event_time:end_live_timestamp"", ""ambiguous_unit:dev_team_hold_rate"", ""ambiguous_unit:top70_sniper_hold_rate"", ""ambiguous_unit:buy_tax"", ""invalid_kind:buy_tax"", ""ambiguous_unit:sell_tax"", ""invalid_kind:sell_tax"", ""ambiguous_unit:lock_percent"", ""ambiguous_unit:bot_degen_rate"", ""ambiguous_unit:twitter_dup"", ""ambiguous_unit:telegram_dup"", ""ambiguous_unit:website_dup"", ""ambiguous_unit:rank"", ""ambiguous_unit:square_mentions"", ""ambiguous_unit:visiting_count"", ""ambiguous_unit:launch_quote_address"", ""ambiguous_unit:migrated_pool_exchange"", ""missing_usd_value:liquidity""]","[""missing_field:transfer_paused"", ""missing_field:sell_simulation_success""]",False
795a88f0-804c-4f14-a3e8-ce8d9318f6df:0x3f53de71c126bdabae20f9cd64848d317f6c3238,bsc,0x3f53de71c126bdabae20f9cd64848d317f6c3238,2026-09-28T19:12:41.261074Z,SKIP,"[""ambiguous_unit:price_change_percent"", ""ambiguous_unit:price_change_percent1m"", ""ambiguous_unit:price_change_percent5m"", ""ambiguous_unit:price_change_percent1h"", ""ambiguous_unit:liquidity"", ""ambiguous_unit:total_supply"", ""ambiguous_unit:initial_liquidity"", ""unknown_event_time:open_timestamp"", ""ambiguous_unit:pool_type"", ""invalid_kind:pool_type"", ""ambiguous_unit:pool_type_str"", ""invalid_kind:pool_type_str"", ""ambiguous_unit:launchpad"", ""invalid_kind:launchpad"", ""ambiguous_unit:launchpad_status"", ""ambiguous_unit:exchange"", ""ambiguous_unit:twitter_username"", ""invalid_kind:twitter_username"", ""ambiguous_unit:website"", ""invalid_kind:website"", ""ambiguous_unit:telegram"", ""invalid_kind:telegram"", ""ambiguous_unit:renounced_mint"", ""null_value:renounced_mint"", ""ambiguous_unit:renounced_freeze_account"", ""null_value:renounced_freeze_account"", ""ambiguous_unit:burn_ratio"", ""ambiguous_unit:burn_status"", ""ambiguous_unit:dev_token_burn_amount"", ""ambiguous_unit:dev_token_burn_ratio"", ""ambiguous_unit:creator"", ""ambiguous_unit:creator_token_status"", ""invalid_kind:creator_token_status"", ""ambiguous_unit:hot_level"", ""invalid_kind:hot_level"", ""ambiguous_unit:is_show_alert"", ""ambiguous_unit:twitter_change_flag"", ""invalid_kind:twitter_change_flag"", ""ambiguous_unit:twitter_rename_count"", ""ambiguous_unit:twitter_del_post_token_count"", ""ambiguous_unit:twitter_create_token_count"", ""ambiguous_unit:rat_trader_amount_rate"", ""ambiguous_unit:bluechip_owner_percentage"", ""ambiguous_unit:rug_ratio"", ""ambiguous_unit:sniper_count"", ""ambiguous_unit:bundler_rate"", ""ambiguous_unit:entrapment_ratio"", ""ambiguous_unit:is_og"", ""ambiguous_unit:gas_fee"", ""ambiguous_unit:is_token_live"", ""ambiguous_unit:start_live_timestamp"", ""unknown_event_time:start_live_timestamp"", ""ambiguous_unit:end_live_timestamp"", ""unknown_event_time:end_live_timestamp"", ""ambiguous_unit:dev_team_hold_rate"", ""ambiguous_unit:top70_sniper_hold_rate"", ""ambiguous_unit:buy_tax"", ""invalid_kind:buy_tax"", ""ambiguous_unit:sell_tax"", ""invalid_kind:sell_tax"", ""ambiguous_unit:lock_percent"", ""ambiguous_unit:bot_degen_rate"", ""ambiguous_unit:twitter_dup"", ""ambiguous_unit:telegram_dup"", ""ambiguous_unit:website_dup"", ""ambiguous_unit:rank"", ""ambiguous_unit:square_mentions"", ""ambiguous_unit:visiting_count"", ""ambiguous_unit:launch_quote_address"", ""invalid_address:launch_quote_address"", ""ambiguous_unit:migrated_pool_exchange"", ""invalid_kind:migrated_pool_exchange"", ""missing_usd_value:liquidity""]","[""missing_field:transfer_paused"", ""missing_field:sell_simulation_success""]",False
804bdef0-8579-4ea1-8c9b-206377f4bc0d:0xf7fc0e5ad8fc95b0c4ae59db1ff068bc64417777,bsc,0xf7fc0e5ad8fc95b0c4ae59db1ff068bc64417777,2026-09-28T19:12:42.415176Z,SKIP,"[""ambiguous_unit:bot_degen_count"", ""ambiguous_unit:bot_degen_rate"", ""ambiguous_unit:burn_status"", ""ambiguous_unit:buy_tax"", ""ambiguous_unit:creator"", ""ambiguous_unit:creator_balance_rate"", ""ambiguous_unit:creator_token_status"", ""invalid_kind:creator_token_status"", ""ambiguous_unit:dev_team_hold_rate"", ""ambiguous_unit:dev_token_burn_amount"", ""ambiguous_unit:dev_token_burn_ratio"", ""ambiguous_unit:entrapment_ratio"", ""ambiguous_unit:is_honeypot"", ""invalid_kind:is_honeypot"", ""ambiguous_unit:is_og"", ""ambiguous_unit:launchpad"", ""ambiguous_unit:launchpad_status"", ""invalid_kind:launchpad_status"", ""ambiguous_unit:liquidity"", ""ambiguous_unit:market_cap"", ""ambiguous_unit:price"", ""ambiguous_unit:rat_trader_amount_rate"", ""ambiguous_unit:sell_tax"", ""ambiguous_unit:telegram_dup"", ""ambiguous_unit:top70_sniper_hold_rate"", ""ambiguous_unit:top_10_holder_rate"", ""ambiguous_unit:total_supply"", ""ambiguous_unit:twitter_create_token_count"", ""ambiguous_unit:twitter_del_post_token_count"", ""ambiguous_unit:twitter_dup"", ""ambiguous_unit:twitter_handle"", ""ambiguous_unit:visiting_count"", ""invalid_kind:website"", ""ambiguous_unit:website_dup"", ""missing_usd_value:market_cap"", ""missing_usd_value:liquidity"", ""missing_risk_flag:is_honeypot""]","[""missing_field:transfer_paused"", ""missing_field:sell_simulation_success"", ""missing_field:is_wash_trading"", ""ambiguous_unit:is_honeypot"", ""invalid_kind:is_honeypot""]",False
fe8ad944-154e-4481-bd56-8ab821bfbfe1:0xc0d6457c16cc70d6790dd43521c899c87ce02f35,robinhood,0xc0d6457c16cc70d6790dd43521c899c87ce02f35,2026-09-28T19:12:39.012894Z,SKIP,"[""ambiguous_unit:price_change_percent"", ""ambiguous_unit:price_change_percent1m"", ""ambiguous_unit:price_change_percent5m"", ""ambiguous_unit:price_change_percent1h"", ""ambiguous_unit:liquidity"", ""ambiguous_unit:total_supply"", ""ambiguous_unit:initial_liquidity"", ""unknown_event_time:open_timestamp"", ""ambiguous_unit:pool_type"", ""invalid_kind:pool_type"", ""ambiguous_unit:pool_type_str"", ""invalid_kind:pool_type_str"", ""ambiguous_unit:launchpad"", ""invalid_kind:launchpad"", ""ambiguous_unit:launchpad_status"", ""ambiguous_unit:exchange"", ""ambiguous_unit:twitter_username"", ""invalid_kind:twitter_username"", ""ambiguous_unit:website"", ""invalid_kind:website"", ""ambiguous_unit:telegram"", ""invalid_kind:telegram"", ""ambiguous_unit:renounced_mint"", ""null_value:renounced_mint"", ""ambiguous_unit:renounced_freeze_account"", ""null_value:renounced_freeze_account"", ""ambiguous_unit:burn_ratio"", ""ambiguous_unit:burn_status"", ""ambiguous_unit:dev_token_burn_amount"", ""ambiguous_unit:dev_token_burn_ratio"", ""ambiguous_unit:creator"", ""ambiguous_unit:creator_token_status"", ""invalid_kind:creator_token_status"", ""ambiguous_unit:hot_level"", ""invalid_kind:hot_level"", ""ambiguous_unit:is_show_alert"", ""ambiguous_unit:twitter_change_flag"", ""invalid_kind:twitter_change_flag"", ""ambiguous_unit:twitter_rename_count"", ""ambiguous_unit:twitter_del_post_token_count"", ""ambiguous_unit:twitter_create_token_count"", ""ambiguous_unit:rat_trader_amount_rate"", ""ambiguous_unit:bluechip_owner_percentage"", ""ambiguous_unit:rug_ratio"", ""ambiguous_unit:sniper_count"", ""ambiguous_unit:bundler_rate"", ""ambiguous_unit:entrapment_ratio"", ""ambiguous_unit:is_og"", ""ambiguous_unit:gas_fee"", ""ambiguous_unit:is_token_live"", ""ambiguous_unit:start_live_timestamp"", ""unknown_event_time:start_live_timestamp"", ""ambiguous_unit:end_live_timestamp"", ""unknown_event_time:end_live_timestamp"", ""ambiguous_unit:dev_team_hold_rate"", ""ambiguous_unit:top70_sniper_hold_rate"", ""ambiguous_unit:buy_tax"", ""invalid_kind:buy_tax"", ""ambiguous_unit:sell_tax"", ""invalid_kind:sell_tax"", ""ambiguous_unit:is_honeypot"", ""invalid_kind:is_honeypot"", ""ambiguous_unit:lock_percent"", ""ambiguous_unit:bot_degen_rate"", ""ambiguous_unit:twitter_dup"", ""ambiguous_unit:telegram_dup"", ""ambiguous_unit:website_dup"", ""ambiguous_unit:rank"", ""ambiguous_unit:square_mentions"", ""ambiguous_unit:visiting_count"", ""ambiguous_unit:launch_quote_address"", ""invalid_address:launch_quote_address"", ""ambiguous_unit:migrated_pool_exchange"", ""invalid_kind:migrated_pool_exchange"", ""missing_usd_value:liquidity"", ""missing_risk_flag:is_honeypot""]","[""missing_field:transfer_paused"", ""missing_field:sell_simulation_success"", ""ambiguous_unit:is_honeypot"", ""invalid_kind:is_honeypot""]",False
fe8ad944-154e-4481-bd56-8ab821bfbfe1:0x57c0e45cb534413d1c20a4240955d6bb250bb4f1,robinhood,0x57c0e45cb534413d1c20a4240955d6bb250bb4f1,2026-09-28T19:12:39.012894Z,SKIP,"[""ambiguous_unit:price_change_percent"", ""ambiguous_unit:price_change_percent1m"", ""ambiguous_unit:price_change_percent5m"", ""ambiguous_unit:price_change_percent1h"", ""below_domain:price_change_percent1h"", ""ambiguous_unit:liquidity"", ""ambiguous_unit:total_supply"", ""ambiguous_unit:initial_liquidity"", ""ambiguous_unit:pool_type"", ""invalid_kind:pool_type"", ""ambiguous_unit:pool_type_str"", ""invalid_kind:pool_type_str"", ""ambiguous_unit:launchpad"", ""invalid_kind:launchpad"", ""ambiguous_unit:launchpad_status"", ""ambiguous_unit:exchange"", ""ambiguous_unit:twitter_username"", ""ambiguous_unit:website"", ""ambiguous_unit:telegram"", ""ambiguous_unit:renounced_mint"", ""null_value:renounced_mint"", ""ambiguous_unit:renounced_freeze_account"", ""null_value:renounced_freeze_account"", ""ambiguous_unit:burn_ratio"", ""ambiguous_unit:burn_status"", ""ambiguous_unit:dev_token_burn_amount"", ""ambiguous_unit:dev_token_burn_ratio"", ""ambiguous_unit:creator"", ""ambiguous_unit:creator_token_status"", ""ambiguous_unit:hot_level"", ""invalid_kind:hot_level"", ""ambiguous_unit:is_show_alert"", ""ambiguous_unit:twitter_change_flag"", ""invalid_kind:twitter_change_flag"", ""ambiguous_unit:twitter_rename_count"", ""ambiguous_unit:twitter_del_post_token_count"", ""ambiguous_unit:twitter_create_token_count"", ""ambiguous_unit:rat_trader_amount_rate"", ""ambiguous_unit:bluechip_owner_percentage"", ""ambiguous_unit:rug_ratio"", ""ambiguous_unit:sniper_count"", ""ambiguous_unit:bundler_rate"", ""ambiguous_unit:entrapment_ratio"", ""ambiguous_unit:is_og"", ""ambiguous_unit:gas_fee"", ""ambiguous_unit:is_token_live"", ""ambiguous_unit:start_live_timestamp"", ""unknown_event_time:start_live_timestamp"", ""ambiguous_unit:end_live_timestamp"", ""unknown_event_time:end_live_timestamp"", ""ambiguous_unit:dev_team_hold_rate"", ""ambiguous_unit:top70_sniper_hold_rate"", ""ambiguous_unit:buy_tax"", ""invalid_kind:buy_tax"", ""ambiguous_unit:sell_tax"", ""invalid_kind:sell_tax"", ""ambiguous_unit:is_honeypot"", ""invalid_kind:is_honeypot"", ""ambiguous_unit:lock_percent"", ""ambiguous_unit:bot_degen_rate"", ""ambiguous_unit:twitter_dup"", ""ambiguous_unit:telegram_dup"", ""ambiguous_unit:website_dup"", ""ambiguous_unit:rank"", ""ambiguous_unit:square_mentions"", ""ambiguous_unit:visiting_count"", ""ambiguous_unit:launch_quote_address"", ""invalid_address:launch_quote_address"", ""ambiguous_unit:migrated_pool_exchange"", ""invalid_kind:migrated_pool_exchange"", ""missing_usd_value:liquidity"", ""missing_risk_flag:is_honeypot""]","[""missing_field:transfer_paused"", ""missing_field:sell_simulation_success"", ""ambiguous_unit:is_honeypot"", ""invalid_kind:is_honeypot""]",False
fe8ad944-154e-4481-bd56-8ab821bfbfe1:0x63ee32ac3077d1fbd8a77ebba2a6ed4b8e9c1e18,robinhood,0x63ee32ac3077d1fbd8a77ebba2a6ed4b8e9c1e18,2026-09-28T19:12:39.012894Z,SKIP,"[""ambiguous_unit:price_change_percent"", ""ambiguous_unit:price_change_percent1m"", ""ambiguous_unit:price_change_percent5m"", ""ambiguous_unit:price_change_percent1h"", ""below_domain:price_change_percent1h"", ""ambiguous_unit:liquidity"", ""ambiguous_unit:total_supply"", ""ambiguous_unit:initial_liquidity"", ""ambiguous_unit:pool_type"", ""invalid_kind:pool_type"", ""ambiguous_unit:pool_type_str"", ""invalid_kind:pool_type_str"", ""ambiguous_unit:launchpad"", ""ambiguous_unit:launchpad_status"", ""ambiguous_unit:exchange"", ""ambiguous_unit:twitter_username"", ""ambiguous_unit:website"", ""ambiguous_unit:telegram"", ""invalid_kind:telegram"", ""ambiguous_unit:renounced_mint"", ""null_value:renounced_mint"", ""ambiguous_unit:renounced_freeze_account"", ""null_value:renounced_freeze_account"", ""ambiguous_unit:burn_ratio"", ""ambiguous_unit:burn_status"", ""ambiguous_unit:dev_token_burn_amount"", ""ambiguous_unit:dev_token_burn_ratio"", ""ambiguous_unit:creator"", ""ambiguous_unit:creator_token_status"", ""invalid_kind:creator_token_status"", ""ambiguous_unit:hot_level"", ""invalid_kind:hot_level"", ""ambiguous_unit:is_show_alert"", ""ambiguous_unit:twitter_change_flag"", ""invalid_kind:twitter_change_flag"", ""ambiguous_unit:twitter_rename_count"", ""ambiguous_unit:twitter_del_post_token_count"", ""ambiguous_unit:twitter_create_token_count"", ""ambiguous_unit:rat_trader_amount_rate"", ""ambiguous_unit:bluechip_owner_percentage"", ""ambiguous_unit:rug_ratio"", ""ambiguous_unit:sniper_count"", ""ambiguous_unit:bundler_rate"", ""ambiguous_unit:entrapment_ratio"", ""ambiguous_unit:is_og"", ""ambiguous_unit:gas_fee"", ""ambiguous_unit:is_token_live"", ""ambiguous_unit:start_live_timestamp"", ""unknown_event_time:start_live_timestamp"", ""ambiguous_unit:end_live_timestamp"", ""unknown_event_time:end_live_timestamp"", ""ambiguous_unit:dev_team_hold_rate"", ""ambiguous_unit:top70_sniper_hold_rate"", ""ambiguous_unit:buy_tax"", ""invalid_kind:buy_tax"", ""ambiguous_unit:sell_tax"", ""invalid_kind:sell_tax"", ""ambiguous_unit:is_honeypot"", ""invalid_kind:is_honeypot"", ""ambiguous_unit:lock_percent"", ""ambiguous_unit:bot_degen_rate"", ""ambiguous_unit:twitter_dup"", ""ambiguous_unit:telegram_dup"", ""ambiguous_unit:website_dup"", ""ambiguous_unit:rank"", ""ambiguous_unit:square_mentions"", ""ambiguous_unit:visiting_count"", ""ambiguous_unit:launch_quote_address"", ""ambiguous_unit:migrated_pool_exchange"", ""missing_usd_value:liquidity"", ""missing_risk_flag:is_honeypot""]","[""missing_field:transfer_paused"", ""missing_field:sell_simulation_success"", ""ambiguous_unit:is_honeypot"", ""invalid_kind:is_honeypot""]",False
3af1faa1-2074-484e-893e-ed2c676e1576:pwfAeX3kpWpkuumA6iodJxtVcGAen6BkRPToR2VqLp9,solana,pwfAeX3kpWpkuumA6iodJxtVcGAen6BkRPToR2VqLp9,2026-09-28T19:12:40.365643Z,SKIP,"[""ambiguous_unit:price_change_percent"", ""below_domain:price_change_percent"", ""ambiguous_unit:price_change_percent1m"", ""ambiguous_unit:price_change_percent5m"", ""below_domain:price_change_percent5m"", ""ambiguous_unit:price_change_percent1h"", ""below_domain:price_change_percent1h"", ""ambiguous_unit:liquidity"", ""ambiguous_unit:total_supply"", ""ambiguous_unit:initial_liquidity"", ""ambiguous_unit:pool_type"", ""invalid_kind:pool_type"", ""ambiguous_unit:pool_type_str"", ""invalid_kind:pool_type_str"", ""ambiguous_unit:launchpad"", ""ambiguous_unit:launchpad_status"", ""ambiguous_unit:exchange"", ""ambiguous_unit:twitter_username"", ""ambiguous_unit:website"", ""ambiguous_unit:telegram"", ""invalid_kind:telegram"", ""ambiguous_unit:burn_ratio"", ""ambiguous_unit:burn_status"", ""ambiguous_unit:dev_token_burn_amount"", ""ambiguous_unit:dev_token_burn_ratio"", ""ambiguous_unit:creator"", ""ambiguous_unit:creator_token_status"", ""ambiguous_unit:hot_level"", ""invalid_kind:hot_level"", ""ambiguous_unit:is_show_alert"", ""ambiguous_unit:twitter_change_flag"", ""invalid_kind:twitter_change_flag"", ""ambiguous_unit:twitter_rename_count"", ""ambiguous_unit:twitter_del_post_token_count"", ""ambiguous_unit:twitter_create_token_count"", ""ambiguous_unit:rat_trader_amount_rate"", ""ambiguous_unit:bluechip_owner_percentage"", ""ambiguous_unit:rug_ratio"", ""ambiguous_unit:sniper_count"", ""ambiguous_unit:bundler_rate"", ""ambiguous_unit:entrapment_ratio"", ""ambiguous_unit:is_og"", ""ambiguous_unit:gas_fee"", ""ambiguous_unit:is_token_live"", ""ambiguous_unit:start_live_timestamp"", ""unknown_event_time:start_live_timestamp"", ""ambiguous_unit:end_live_timestamp"", ""unknown_event_time:end_live_timestamp"", ""ambiguous_unit:dev_team_hold_rate"", ""ambiguous_unit:top70_sniper_hold_rate"", ""ambiguous_unit:buy_tax"", ""invalid_kind:buy_tax"", ""ambiguous_unit:sell_tax"", ""invalid_kind:sell_tax"", ""ambiguous_unit:is_honeypot"", ""invalid_kind:is_honeypot"", ""ambiguous_unit:lock_percent"", ""ambiguous_unit:bot_degen_rate"", ""ambiguous_unit:twitter_dup"", ""ambiguous_unit:telegram_dup"", ""ambiguous_unit:website_dup"", ""ambiguous_unit:rank"", ""ambiguous_unit:square_mentions"", ""ambiguous_unit:visiting_count"", ""ambiguous_unit:launch_quote_address"", ""ambiguous_unit:migrated_pool_exchange"", ""missing_usd_value:liquidity"", ""missing_risk_flag:is_honeypot""]","[""missing_field:transfer_paused"", ""missing_field:sell_simulation_success"", ""ambiguous_unit:is_honeypot"", ""invalid_kind:is_honeypot""]",False
663c0420-2b9e-4a94-998b-531fa9202dee:0x9ac0efe775ef5eadf1fd106a6efe19d0e1421e18,robinhood,0x9ac0efe775ef5eadf1fd106a6efe19d0e1421e18,2026-09-28T19:15:00.325882Z,SKIP,"[""ambiguous_unit:price_change_percent"", ""ambiguous_unit:price_change_percent1m"", ""ambiguous_unit:price_change_percent5m"", ""ambiguous_unit:price_change_percent1h"", ""ambiguous_unit:liquidity"", ""ambiguous_unit:total_supply"", ""ambiguous_unit:initial_liquidity"", ""ambiguous_unit:pool_type"", ""invalid_kind:pool_type"", ""ambiguous_unit:pool_type_str"", ""invalid_kind:pool_type_str"", ""ambiguous_unit:launchpad"", ""ambiguous_unit:launchpad_status"", ""ambiguous_unit:exchange"", ""ambiguous_unit:twitter_username"", ""ambiguous_unit:website"", ""invalid_kind:website"", ""ambiguous_unit:telegram"", ""invalid_kind:telegram"", ""ambiguous_unit:renounced_mint"", ""null_value:renounced_mint"", ""ambiguous_unit:renounced_freeze_account"", ""null_value:renounced_freeze_account"", ""ambiguous_unit:burn_ratio"", ""ambiguous_unit:burn_status"", ""ambiguous_unit:dev_token_burn_amount"", ""ambiguous_unit:dev_token_burn_ratio"", ""ambiguous_unit:creator"", ""ambiguous_unit:creator_token_status"", ""ambiguous_unit:hot_level"", ""invalid_kind:hot_level"", ""ambiguous_unit:is_show_alert"", ""ambiguous_unit:twitter_change_flag"", ""invalid_kind:twitter_change_flag"", ""ambiguous_unit:twitter_rename_count"", ""ambiguous_unit:twitter_del_post_token_count"", ""ambiguous_unit:twitter_create_token_count"", ""ambiguous_unit:rat_trader_amount_rate"", ""ambiguous_unit:bluechip_owner_percentage"", ""ambiguous_unit:rug_ratio"", ""ambiguous_unit:sniper_count"", ""ambiguous_unit:bundler_rate"", ""ambiguous_unit:entrapment_ratio"", ""ambiguous_unit:is_og"", ""ambiguous_unit:gas_fee"", ""ambiguous_unit:is_token_live"", ""ambiguous_unit:start_live_timestamp"", ""unknown_event_time:start_live_timestamp"", ""ambiguous_unit:end_live_timestamp"", ""unknown_event_time:end_live_timestamp"", ""ambiguous_unit:dev_team_hold_rate"", ""ambiguous_unit:top70_sniper_hold_rate"", ""ambiguous_unit:buy_tax"", ""invalid_kind:buy_tax"", ""ambiguous_unit:sell_tax"", ""invalid_kind:sell_tax"", ""ambiguous_unit:is_honeypot"", ""invalid_kind:is_honeypot"", ""ambiguous_unit:lock_percent"", ""ambiguous_unit:bot_degen_rate"", ""ambiguous_unit:twitter_dup"", ""ambiguous_unit:telegram_dup"", ""ambiguous_unit:website_dup"", ""ambiguous_unit:rank"", ""ambiguous_unit:square_mentions"", ""ambiguous_unit:visiting_count"", ""ambiguous_unit:launch_quote_address"", ""ambiguous_unit:migrated_pool_exchange"", ""missing_usd_value:liquidity"", ""missing_risk_flag:is_honeypot""]","[""missing_field:transfer_paused"", ""missing_field:sell_simulation_success"", ""ambiguous_unit:is_honeypot"", ""invalid_kind:is_honeypot""]",False
2c78112b-48e7-4f74-8c2e-1cb8642a79dc:23ZFzrMZiUqiJjFX15Fp39iutz5DJNdgRYjNBEAPJngt,solana,23ZFzrMZiUqiJjFX15Fp39iutz5DJNdgRYjNBEAPJngt,2026-09-28T19:14:00.595194Z,SKIP,"[""ambiguous_unit:price_change_percent"", ""ambiguous_unit:price_change_percent1m"", ""ambiguous_unit:price_change_percent5m"", ""ambiguous_unit:price_change_percent1h"", ""ambiguous_unit:liquidity"", ""ambiguous_unit:total_supply"", ""ambiguous_unit:initial_liquidity"", ""unknown_event_time:open_timestamp"", ""ambiguous_unit:pool_type"", ""invalid_kind:pool_type"", ""ambiguous_unit:pool_type_str"", ""invalid_kind:pool_type_str"", ""ambiguous_unit:launchpad"", ""ambiguous_unit:launchpad_status"", ""ambiguous_unit:exchange"", ""ambiguous_unit:twitter_username"", ""ambiguous_unit:website"", ""ambiguous_unit:telegram"", ""invalid_kind:telegram"", ""ambiguous_unit:burn_ratio"", ""ambiguous_unit:burn_status"", ""ambiguous_unit:dev_token_burn_amount"", ""ambiguous_unit:dev_token_burn_ratio"", ""ambiguous_unit:creator"", ""ambiguous_unit:creator_token_status"", ""ambiguous_unit:hot_level"", ""invalid_kind:hot_level"", ""ambiguous_unit:is_show_alert"", ""ambiguous_unit:twitter_change_flag"", ""invalid_kind:twitter_change_flag"", ""ambiguous_unit:twitter_rename_count"", ""ambiguous_unit:twitter_del_post_token_count"", ""ambiguous_unit:twitter_create_token_count"", ""ambiguous_unit:rat_trader_amount_rate"", ""ambiguous_unit:bluechip_owner_percentage"", ""ambiguous_unit:rug_ratio"", ""ambiguous_unit:sniper_count"", ""ambiguous_unit:bundler_rate"", ""ambiguous_unit:entrapment_ratio"", ""ambiguous_unit:is_og"", ""ambiguous_unit:gas_fee"", ""ambiguous_unit:is_token_live"", ""ambiguous_unit:start_live_timestamp"", ""unknown_event_time:start_live_timestamp"", ""ambiguous_unit:end_live_timestamp"", ""unknown_event_time:end_live_timestamp"", ""ambiguous_unit:dev_team_hold_rate"", ""ambiguous_unit:top70_sniper_hold_rate"", ""ambiguous_unit:buy_tax"", ""invalid_kind:buy_tax"", ""ambiguous_unit:sell_tax"", ""invalid_kind:sell_tax"", ""ambiguous_unit:is_honeypot"", ""invalid_kind:is_honeypot"", ""ambiguous_unit:lock_percent"", ""ambiguous_unit:bot_degen_rate"", ""ambiguous_unit:twitter_dup"", ""ambiguous_unit:telegram_dup"", ""ambiguous_unit:website_dup"", ""ambiguous_unit:rank"", ""ambiguous_unit:square_mentions"", ""ambiguous_unit:visiting_count"", ""ambiguous_unit:launch_quote_address"", ""ambiguous_unit:migrated_pool_exchange"", ""invalid_kind:migrated_pool_exchange"", ""missing_usd_value:liquidity"", ""missing_risk_flag:is_honeypot"", ""below_policy_limit:market_cap""]","[""missing_field:transfer_paused"", ""missing_field:sell_simulation_success"", ""ambiguous_unit:is_honeypot"", ""invalid_kind:is_honeypot""]",False
3af1faa1-2074-484e-893e-ed2c676e1576:EU8FftAh562jQmbxXBsjfpHgxGeHYEKXbeauhun6bxDu,solana,EU8FftAh562jQmbxXBsjfpHgxGeHYEKXbeauhun6bxDu,2026-09-28T19:12:40.365643Z,SKIP,"[""ambiguous_unit:price_change_percent"", ""ambiguous_unit:price_change_percent1m"", ""ambiguous_unit:price_change_percent5m"", ""ambiguous_unit:price_change_percent1h"", ""ambiguous_unit:liquidity"", ""ambiguous_unit:total_supply"", ""ambiguous_unit:initial_liquidity"", ""unknown_event_time:open_timestamp"", ""ambiguous_unit:pool_type"", ""invalid_kind:pool_type"", ""ambiguous_unit:pool_type_str"", ""invalid_kind:pool_type_str"", ""ambiguous_unit:launchpad"", ""ambiguous_unit:launchpad_status"", ""ambiguous_unit:exchange"", ""ambiguous_unit:twitter_username"", ""ambiguous_unit:website"", ""invalid_kind:website"", ""ambiguous_unit:telegram"", ""invalid_kind:telegram"", ""ambiguous_unit:burn_ratio"", ""ambiguous_unit:burn_status"", ""ambiguous_unit:dev_token_burn_amount"", ""ambiguous_unit:dev_token_burn_ratio"", ""ambiguous_unit:creator"", ""ambiguous_unit:creator_token_status"", ""ambiguous_unit:hot_level"", ""invalid_kind:hot_level"", ""ambiguous_unit:is_show_alert"", ""ambiguous_unit:twitter_change_flag"", ""invalid_kind:twitter_change_flag"", ""ambiguous_unit:twitter_rename_count"", ""ambiguous_unit:twitter_del_post_token_count"", ""ambiguous_unit:twitter_create_token_count"", ""ambiguous_unit:rat_trader_amount_rate"", ""ambiguous_unit:bluechip_owner_percentage"", ""ambiguous_unit:rug_ratio"", ""ambiguous_unit:sniper_count"", ""ambiguous_unit:bundler_rate"", ""ambiguous_unit:entrapment_ratio"", ""ambiguous_unit:is_og"", ""ambiguous_unit:gas_fee"", ""ambiguous_unit:is_token_live"", ""ambiguous_unit:start_live_timestamp"", ""unknown_event_time:start_live_timestamp"", ""ambiguous_unit:end_live_timestamp"", ""unknown_event_time:end_live_timestamp"", ""ambiguous_unit:dev_team_hold_rate"", ""ambiguous_unit:top70_sniper_hold_rate"", ""ambiguous_unit:buy_tax"", ""invalid_kind:buy_tax"", ""ambiguous_unit:sell_tax"", ""invalid_kind:sell_tax"", ""ambiguous_unit:is_honeypot"", ""invalid_kind:is_honeypot"", ""ambiguous_unit:lock_percent"", ""ambiguous_unit:bot_degen_rate"", ""ambiguous_unit:twitter_dup"", ""ambiguous_unit:telegram_dup"", ""ambiguous_unit:website_dup"", ""ambiguous_unit:rank"", ""ambiguous_unit:square_mentions"", ""ambiguous_unit:visiting_count"", ""ambiguous_unit:launch_quote_address"", ""ambiguous_unit:migrated_pool_exchange"", ""invalid_kind:migrated_pool_exchange"", ""missing_usd_value:liquidity"", ""missing_risk_flag:is_honeypot"", ""below_policy_limit:market_cap""]","[""missing_field:transfer_paused"", ""missing_field:sell_simulation_success"", ""ambiguous_unit:is_honeypot"", ""invalid_kind:is_honeypot""]",False
fe8ad944-154e-4481-bd56-8ab821bfbfe1:0xcdae63d95d6dd4f89f6e508c77bd4388b4e5c8ab,robinhood,0xcdae63d95d6dd4f89f6e508c77bd4388b4e5c8ab,2026-09-28T19:12:39.012894Z,SKIP,"[""ambiguous_unit:price_change_percent"", ""ambiguous_unit:price_change_percent1m"", ""ambiguous_unit:price_change_percent5m"", ""ambiguous_unit:price_change_percent1h"", ""ambiguous_unit:liquidity"", ""ambiguous_unit:total_supply"", ""ambiguous_unit:initial_liquidity"", ""ambiguous_unit:pool_type"", ""invalid_kind:pool_type"", ""ambiguous_unit:pool_type_str"", ""invalid_kind:pool_type_str"", ""ambiguous_unit:launchpad"", ""ambiguous_unit:launchpad_status"", ""ambiguous_unit:exchange"", ""ambiguous_unit:twitter_username"", ""ambiguous_unit:website"", ""ambiguous_unit:telegram"", ""invalid_kind:telegram"", ""ambiguous_unit:renounced_mint"", ""null_value:renounced_mint"", ""ambiguous_unit:renounced_freeze_account"", ""null_value:renounced_freeze_account"", ""ambiguous_unit:burn_ratio"", ""ambiguous_unit:burn_status"", ""ambiguous_unit:dev_token_burn_amount"", ""ambiguous_unit:dev_token_burn_ratio"", ""ambiguous_unit:creator"", ""ambiguous_unit:creator_token_status"", ""invalid_kind:creator_token_status"", ""ambiguous_unit:hot_level"", ""invalid_kind:hot_level"", ""ambiguous_unit:is_show_alert"", ""ambiguous_unit:twitter_change_flag"", ""invalid_kind:twitter_change_flag"", ""ambiguous_unit:twitter_rename_count"", ""ambiguous_unit:twitter_del_post_token_count"", ""ambiguous_unit:twitter_create_token_count"", ""ambiguous_unit:rat_trader_amount_rate"", ""ambiguous_unit:bluechip_owner_percentage"", ""ambiguous_unit:rug_ratio"", ""ambiguous_unit:sniper_count"", ""ambiguous_unit:bundler_rate"", ""ambiguous_unit:entrapment_ratio"", ""ambiguous_unit:is_og"", ""ambiguous_unit:gas_fee"", ""ambiguous_unit:is_token_live"", ""ambiguous_unit:start_live_timestamp"", ""unknown_event_time:start_live_timestamp"", ""ambiguous_unit:end_live_timestamp"", ""unknown_event_time:end_live_timestamp"", ""ambiguous_unit:dev_team_hold_rate"", ""ambiguous_unit:top70_sniper_hold_rate"", ""ambiguous_unit:buy_tax"", ""invalid_kind:buy_tax"", ""ambiguous_unit:sell_tax"", ""invalid_kind:sell_tax"", ""ambiguous_unit:is_honeypot"", ""invalid_kind:is_honeypot"", ""ambiguous_unit:lock_percent"", ""ambiguous_unit:bot_degen_rate"", ""ambiguous_unit:twitter_dup"", ""ambiguous_unit:telegram_dup"", ""ambiguous_unit:website_dup"", ""ambiguous_unit:rank"", ""ambiguous_unit:square_mentions"", ""ambiguous_unit:visiting_count"", ""ambiguous_unit:launch_quote_address"", ""ambiguous_unit:migrated_pool_exchange"", ""missing_usd_value:liquidity"", ""missing_risk_flag:is_honeypot""]","[""missing_field:transfer_paused"", ""missing_field:sell_simulation_success"", ""ambiguous_unit:is_honeypot"", ""invalid_kind:is_honeypot""]",False
08cc1e53-32bc-48e9-9abe-0b7caf40b440:0xeed22a9ef4ccd6a945aba4e21739708cb3227777,bsc,0xeed22a9ef4ccd6a945aba4e21739708cb3227777,2026-09-28T19:15:17.739331Z,SKIP,"[""ambiguous_unit:price_change_percent"", ""below_domain:price_change_percent"", ""ambiguous_unit:price_change_percent1m"", ""ambiguous_unit:price_change_percent5m"", ""below_domain:price_change_percent5m"", ""ambiguous_unit:price_change_percent1h"", ""below_domain:price_change_percent1h"", ""ambiguous_unit:liquidity"", ""ambiguous_unit:total_supply"", ""ambiguous_unit:initial_liquidity"", ""ambiguous_unit:pool_type"", ""invalid_kind:pool_type"", ""ambiguous_unit:pool_type_str"", ""invalid_kind:pool_type_str"", ""ambiguous_unit:launchpad"", ""ambiguous_unit:launchpad_status"", ""ambiguous_unit:exchange"", ""ambiguous_unit:twitter_username"", ""ambiguous_unit:website"", ""ambiguous_unit:telegram"", ""ambiguous_unit:renounced_mint"", ""null_value:renounced_mint"", ""ambiguous_unit:renounced_freeze_account"", ""null_value:renounced_freeze_account"", ""ambiguous_unit:burn_ratio"", ""ambiguous_unit:burn_status"", ""ambiguous_unit:dev_token_burn_amount"", ""ambiguous_unit:dev_token_burn_ratio"", ""ambiguous_unit:creator"", ""ambiguous_unit:creator_token_status"", ""ambiguous_unit:hot_level"", ""invalid_kind:hot_level"", ""ambiguous_unit:is_show_alert"", ""ambiguous_unit:twitter_change_flag"", ""invalid_kind:twitter_change_flag"", ""ambiguous_unit:twitter_rename_count"", ""ambiguous_unit:twitter_del_post_token_count"", ""ambiguous_unit:twitter_create_token_count"", ""ambiguous_unit:rat_trader_amount_rate"", ""ambiguous_unit:bluechip_owner_percentage"", ""ambiguous_unit:rug_ratio"", ""ambiguous_unit:sniper_count"", ""ambiguous_unit:bundler_rate"", ""ambiguous_unit:entrapment_ratio"", ""ambiguous_unit:is_og"", ""ambiguous_unit:gas_fee"", ""ambiguous_unit:is_token_live"", ""ambiguous_unit:start_live_timestamp"", ""unknown_event_time:start_live_timestamp"", ""ambiguous_unit:end_live_timestamp"", ""unknown_event_time:end_live_timestamp"", ""ambiguous_unit:dev_team_hold_rate"", ""ambiguous_unit:top70_sniper_hold_rate"", ""ambiguous_unit:buy_tax"", ""invalid_kind:buy_tax"", ""ambiguous_unit:sell_tax"", ""invalid_kind:sell_tax"", ""ambiguous_unit:lock_percent"", ""ambiguous_unit:bot_degen_rate"", ""ambiguous_unit:twitter_dup"", ""ambiguous_unit:telegram_dup"", ""ambiguous_unit:website_dup"", ""ambiguous_unit:rank"", ""ambiguous_unit:square_mentions"", ""ambiguous_unit:visiting_count"", ""ambiguous_unit:launch_quote_address"", ""ambiguous_unit:migrated_pool_exchange"", ""missing_usd_value:liquidity""]","[""missing_field:transfer_paused"", ""missing_field:sell_simulation_success""]",False
3af1faa1-2074-484e-893e-ed2c676e1576:CMkXvUpvsPLZ34yyipcWR9yqTaPvgCrQN34SuGg8Y8iu,solana,CMkXvUpvsPLZ34yyipcWR9yqTaPvgCrQN34SuGg8Y8iu,2026-09-28T19:12:40.365643Z,SKIP,"[""ambiguous_unit:price_change_percent"", ""ambiguous_unit:price_change_percent1m"", ""below_domain:price_change_percent1m"", ""ambiguous_unit:price_change_percent5m"", ""ambiguous_unit:price_change_percent1h"", ""ambiguous_unit:liquidity"", ""ambiguous_unit:total_supply"", ""ambiguous_unit:initial_liquidity"", ""unknown_event_time:open_timestamp"", ""ambiguous_unit:pool_type"", ""invalid_kind:pool_type"", ""ambiguous_unit:pool_type_str"", ""invalid_kind:pool_type_str"", ""ambiguous_unit:launchpad"", ""ambiguous_unit:launchpad_status"", ""ambiguous_unit:exchange"", ""ambiguous_unit:twitter_username"", ""ambiguous_unit:website"", ""ambiguous_unit:telegram"", ""invalid_kind:telegram"", ""ambiguous_unit:burn_ratio"", ""ambiguous_unit:burn_status"", ""ambiguous_unit:dev_token_burn_amount"", ""ambiguous_unit:dev_token_burn_ratio"", ""ambiguous_unit:creator"", ""ambiguous_unit:creator_token_status"", ""invalid_kind:creator_token_status"", ""ambiguous_unit:hot_level"", ""invalid_kind:hot_level"", ""ambiguous_unit:is_show_alert"", ""ambiguous_unit:twitter_change_flag"", ""invalid_kind:twitter_change_flag"", ""ambiguous_unit:twitter_rename_count"", ""ambiguous_unit:twitter_del_post_token_count"", ""ambiguous_unit:twitter_create_token_count"", ""ambiguous_unit:rat_trader_amount_rate"", ""ambiguous_unit:bluechip_owner_percentage"", ""ambiguous_unit:rug_ratio"", ""ambiguous_unit:sniper_count"", ""ambiguous_unit:bundler_rate"", ""ambiguous_unit:entrapment_ratio"", ""ambiguous_unit:is_og"", ""ambiguous_unit:gas_fee"", ""ambiguous_unit:is_token_live"", ""ambiguous_unit:start_live_timestamp"", ""unknown_event_time:start_live_timestamp"", ""ambiguous_unit:end_live_timestamp"", ""unknown_event_time:end_live_timestamp"", ""ambiguous_unit:dev_team_hold_rate"", ""ambiguous_unit:top70_sniper_hold_rate"", ""ambiguous_unit:buy_tax"", ""invalid_kind:buy_tax"", ""ambiguous_unit:sell_tax"", ""invalid_kind:sell_tax"", ""ambiguous_unit:is_honeypot"", ""invalid_kind:is_honeypot"", ""ambiguous_unit:lock_percent"", ""ambiguous_unit:bot_degen_rate"", ""ambiguous_unit:twitter_dup"", ""ambiguous_unit:telegram_dup"", ""ambiguous_unit:website_dup"", ""ambiguous_unit:rank"", ""ambiguous_unit:square_mentions"", ""ambiguous_unit:visiting_count"", ""ambiguous_unit:launch_quote_address"", ""ambiguous_unit:migrated_pool_exchange"", ""invalid_kind:migrated_pool_exchange"", ""missing_usd_value:liquidity"", ""missing_risk_flag:is_honeypot"", ""below_policy_limit:market_cap""]","[""missing_field:transfer_paused"", ""missing_field:sell_simulation_success"", ""ambiguous_unit:is_honeypot"", ""invalid_kind:is_honeypot""]",False
3af1faa1-2074-484e-893e-ed2c676e1576:D4GkdYbVphmZEPr24kGRjZ3S6v4zkJEe4oYnh7ZTpump,solana,D4GkdYbVphmZEPr24kGRjZ3S6v4zkJEe4oYnh7ZTpump,2026-09-28T19:12:40.365643Z,SKIP,"[""ambiguous_unit:price_change_percent"", ""ambiguous_unit:price_change_percent1m"", ""ambiguous_unit:price_change_percent5m"", ""ambiguous_unit:price_change_percent1h"", ""ambiguous_unit:liquidity"", ""ambiguous_unit:total_supply"", ""ambiguous_unit:initial_liquidity"", ""ambiguous_unit:pool_type"", ""invalid_kind:pool_type"", ""ambiguous_unit:pool_type_str"", ""invalid_kind:pool_type_str"", ""ambiguous_unit:launchpad"", ""ambiguous_unit:launchpad_status"", ""ambiguous_unit:exchange"", ""ambiguous_unit:twitter_username"", ""ambiguous_unit:website"", ""ambiguous_unit:telegram"", ""invalid_kind:telegram"", ""ambiguous_unit:burn_ratio"", ""ambiguous_unit:burn_status"", ""ambiguous_unit:dev_token_burn_amount"", ""ambiguous_unit:dev_token_burn_ratio"", ""ambiguous_unit:creator"", ""ambiguous_unit:creator_token_status"", ""ambiguous_unit:hot_level"", ""invalid_kind:hot_level"", ""ambiguous_unit:is_show_alert"", ""ambiguous_unit:twitter_change_flag"", ""invalid_kind:twitter_change_flag"", ""ambiguous_unit:twitter_rename_count"", ""ambiguous_unit:twitter_del_post_token_count"", ""ambiguous_unit:twitter_create_token_count"", ""ambiguous_unit:rat_trader_amount_rate"", ""ambiguous_unit:bluechip_owner_percentage"", ""ambiguous_unit:rug_ratio"", ""ambiguous_unit:sniper_count"", ""ambiguous_unit:bundler_rate"", ""ambiguous_unit:entrapment_ratio"", ""ambiguous_unit:is_og"", ""ambiguous_unit:gas_fee"", ""ambiguous_unit:is_token_live"", ""ambiguous_unit:start_live_timestamp"", ""unknown_event_time:start_live_timestamp"", ""ambiguous_unit:end_live_timestamp"", ""unknown_event_time:end_live_timestamp"", ""ambiguous_unit:dev_team_hold_rate"", ""ambiguous_unit:top70_sniper_hold_rate"", ""ambiguous_unit:buy_tax"", ""invalid_kind:buy_tax"", ""ambiguous_unit:sell_tax"", ""invalid_kind:sell_tax"", ""ambiguous_unit:is_honeypot"", ""invalid_kind:is_honeypot"", ""ambiguous_unit:lock_percent"", ""ambiguous_unit:bot_degen_rate"", ""ambiguous_unit:twitter_dup"", ""ambiguous_unit:telegram_dup"", ""ambiguous_unit:website_dup"", ""ambiguous_unit:rank"", ""ambiguous_unit:square_mentions"", ""ambiguous_unit:visiting_count"", ""ambiguous_unit:launch_quote_address"", ""ambiguous_unit:migrated_pool_exchange"", ""missing_usd_value:liquidity"", ""missing_risk_flag:is_honeypot""]","[""missing_field:transfer_paused"", ""missing_field:sell_simulation_success"", ""ambiguous_unit:is_honeypot"", ""invalid_kind:is_honeypot""]",False
3af1faa1-2074-484e-893e-ed2c676e1576:u9uhxHwAn5K5jcuB25QEXBX7XBPArFSTkTQg7F1nuCA,solana,u9uhxHwAn5K5jcuB25QEXBX7XBPArFSTkTQg7F1nuCA,2026-09-28T19:12:40.365643Z,SKIP,"[""ambiguous_unit:price_change_percent"", ""below_domain:price_change_percent"", ""ambiguous_unit:price_change_percent1m"", ""below_domain:price_change_percent1m"", ""ambiguous_unit:price_change_percent5m"", ""below_domain:price_change_percent5m"", ""ambiguous_unit:price_change_percent1h"", ""ambiguous_unit:liquidity"", ""ambiguous_unit:total_supply"", ""ambiguous_unit:initial_liquidity"", ""unknown_event_time:open_timestamp"", ""ambiguous_unit:pool_type"", ""invalid_kind:pool_type"", ""ambiguous_unit:pool_type_str"", ""invalid_kind:pool_type_str"", ""ambiguous_unit:launchpad"", ""ambiguous_unit:launchpad_status"", ""ambiguous_unit:exchange"", ""ambiguous_unit:twitter_username"", ""invalid_kind:twitter_username"", ""ambiguous_unit:website"", ""ambiguous_unit:telegram"", ""invalid_kind:telegram"", ""ambiguous_unit:burn_ratio"", ""ambiguous_unit:burn_status"", ""ambiguous_unit:dev_token_burn_amount"", ""ambiguous_unit:dev_token_burn_ratio"", ""ambiguous_unit:creator"", ""ambiguous_unit:creator_token_status"", ""ambiguous_unit:hot_level"", ""invalid_kind:hot_level"", ""ambiguous_unit:is_show_alert"", ""ambiguous_unit:twitter_change_flag"", ""invalid_kind:twitter_change_flag"", ""ambiguous_unit:twitter_rename_count"", ""ambiguous_unit:twitter_del_post_token_count"", ""ambiguous_unit:twitter_create_token_count"", ""ambiguous_unit:rat_trader_amount_rate"", ""ambiguous_unit:bluechip_owner_percentage"", ""ambiguous_unit:rug_ratio"", ""ambiguous_unit:sniper_count"", ""ambiguous_unit:bundler_rate"", ""ambiguous_unit:entrapment_ratio"", ""ambiguous_unit:is_og"", ""ambiguous_unit:gas_fee"", ""ambiguous_unit:is_token_live"", ""ambiguous_unit:start_live_timestamp"", ""unknown_event_time:start_live_timestamp"", ""ambiguous_unit:end_live_timestamp"", ""unknown_event_time:end_live_timestamp"", ""ambiguous_unit:dev_team_hold_rate"", ""ambiguous_unit:top70_sniper_hold_rate"", ""ambiguous_unit:buy_tax"", ""invalid_kind:buy_tax"", ""ambiguous_unit:sell_tax"", ""invalid_kind:sell_tax"", ""ambiguous_unit:is_honeypot"", ""invalid_kind:is_honeypot"", ""ambiguous_unit:lock_percent"", ""ambiguous_unit:bot_degen_rate"", ""ambiguous_unit:twitter_dup"", ""ambiguous_unit:telegram_dup"", ""ambiguous_unit:website_dup"", ""ambiguous_unit:rank"", ""ambiguous_unit:square_mentions"", ""ambiguous_unit:visiting_count"", ""ambiguous_unit:launch_quote_address"", ""ambiguous_unit:migrated_pool_exchange"", ""invalid_kind:migrated_pool_exchange"", ""missing_usd_value:liquidity"", ""missing_risk_flag:is_honeypot"", ""below_policy_limit:market_cap""]","[""missing_field:transfer_paused"", ""missing_field:sell_simulation_success"", ""ambiguous_unit:is_honeypot"", ""invalid_kind:is_honeypot""]",False
4236f8d5-90c4-4c9b-a73e-d6443ae3bf32:HNazMWySREpLBoyEdsXPPzvvc4eZ6avQDwqBko3vpump,solana,HNazMWySREpLBoyEdsXPPzvvc4eZ6avQDwqBko3vpump,2026-09-28T19:16:00.259696Z,SKIP,"[""ambiguous_unit:price_change_percent"", ""below_domain:price_change_percent"", ""ambiguous_unit:price_change_percent1m"", ""ambiguous_unit:price_change_percent5m"", ""below_domain:price_change_percent5m"", ""ambiguous_unit:price_change_percent1h"", ""below_domain:price_change_percent1h"", ""ambiguous_unit:liquidity"", ""ambiguous_unit:total_supply"", ""ambiguous_unit:initial_liquidity"", ""ambiguous_unit:pool_type"", ""invalid_kind:pool_type"", ""ambiguous_unit:pool_type_str"", ""invalid_kind:pool_type_str"", ""ambiguous_unit:launchpad"", ""ambiguous_unit:launchpad_status"", ""ambiguous_unit:exchange"", ""ambiguous_unit:twitter_username"", ""ambiguous_unit:website"", ""ambiguous_unit:telegram"", ""invalid_kind:telegram"", ""ambiguous_unit:burn_ratio"", ""ambiguous_unit:burn_status"", ""ambiguous_unit:dev_token_burn_amount"", ""ambiguous_unit:dev_token_burn_ratio"", ""ambiguous_unit:creator"", ""ambiguous_unit:creator_token_status"", ""ambiguous_unit:hot_level"", ""invalid_kind:hot_level"", ""ambiguous_unit:is_show_alert"", ""ambiguous_unit:twitter_change_flag"", ""invalid_kind:twitter_change_flag"", ""ambiguous_unit:twitter_rename_count"", ""ambiguous_unit:twitter_del_post_token_count"", ""ambiguous_unit:twitter_create_token_count"", ""ambiguous_unit:rat_trader_amount_rate"", ""ambiguous_unit:bluechip_owner_percentage"", ""ambiguous_unit:rug_ratio"", ""ambiguous_unit:sniper_count"", ""ambiguous_unit:bundler_rate"", ""ambiguous_unit:entrapment_ratio"", ""ambiguous_unit:is_og"", ""ambiguous_unit:gas_fee"", ""ambiguous_unit:is_token_live"", ""ambiguous_unit:start_live_timestamp"", ""unknown_event_time:start_live_timestamp"", ""ambiguous_unit:end_live_timestamp"", ""unknown_event_time:end_live_timestamp"", ""ambiguous_unit:dev_team_hold_rate"", ""ambiguous_unit:top70_sniper_hold_rate"", ""ambiguous_unit:buy_tax"", ""invalid_kind:buy_tax"", ""ambiguous_unit:sell_tax"", ""invalid_kind:sell_tax"", ""ambiguous_unit:is_honeypot"", ""invalid_kind:is_honeypot"", ""ambiguous_unit:lock_percent"", ""ambiguous_unit:bot_degen_rate"", ""ambiguous_unit:twitter_dup"", ""ambiguous_unit:telegram_dup"", ""ambiguous_unit:website_dup"", ""ambiguous_unit:rank"", ""ambiguous_unit:square_mentions"", ""ambiguous_unit:visiting_count"", ""ambiguous_unit:launch_quote_address"", ""ambiguous_unit:migrated_pool_exchange"", ""missing_usd_value:liquidity"", ""missing_risk_flag:is_honeypot"", ""below_policy_limit:market_cap""]","[""missing_field:transfer_paused"", ""missing_field:sell_simulation_success"", ""ambiguous_unit:is_honeypot"", ""invalid_kind:is_honeypot""]",False
9792e199-c0c2-4272-ac95-24501e4a3f79:8HES3xmbpDGQiv1SxM4mmzPuNqb3R1QhfPCFg2aspump,solana,8HES3xmbpDGQiv1SxM4mmzPuNqb3R1QhfPCFg2aspump,2026-09-28T19:17:15.914647Z,SKIP,"[""ambiguous_unit:price_change_percent"", ""ambiguous_unit:price_change_percent1m"", ""ambiguous_unit:price_change_percent5m"", ""ambiguous_unit:price_change_percent1h"", ""ambiguous_unit:liquidity"", ""ambiguous_unit:total_supply"", ""ambiguous_unit:initial_liquidity"", ""unknown_event_time:open_timestamp"", ""ambiguous_unit:pool_type"", ""invalid_kind:pool_type"", ""ambiguous_unit:pool_type_str"", ""invalid_kind:pool_type_str"", ""ambiguous_unit:launchpad"", ""ambiguous_unit:launchpad_status"", ""ambiguous_unit:exchange"", ""ambiguous_unit:twitter_username"", ""ambiguous_unit:website"", ""ambiguous_unit:telegram"", ""invalid_kind:telegram"", ""ambiguous_unit:burn_ratio"", ""ambiguous_unit:burn_status"", ""ambiguous_unit:dev_token_burn_amount"", ""ambiguous_unit:dev_token_burn_ratio"", ""ambiguous_unit:creator"", ""ambiguous_unit:creator_token_status"", ""ambiguous_unit:hot_level"", ""invalid_kind:hot_level"", ""ambiguous_unit:is_show_alert"", ""ambiguous_unit:twitter_change_flag"", ""invalid_kind:twitter_change_flag"", ""ambiguous_unit:twitter_rename_count"", ""ambiguous_unit:twitter_del_post_token_count"", ""ambiguous_unit:twitter_create_token_count"", ""ambiguous_unit:rat_trader_amount_rate"", ""ambiguous_unit:bluechip_owner_percentage"", ""ambiguous_unit:rug_ratio"", ""ambiguous_unit:sniper_count"", ""ambiguous_unit:bundler_rate"", ""ambiguous_unit:entrapment_ratio"", ""ambiguous_unit:is_og"", ""ambiguous_unit:gas_fee"", ""ambiguous_unit:is_token_live"", ""ambiguous_unit:start_live_timestamp"", ""unknown_event_time:start_live_timestamp"", ""ambiguous_unit:end_live_timestamp"", ""unknown_event_time:end_live_timestamp"", ""ambiguous_unit:dev_team_hold_rate"", ""ambiguous_unit:top70_sniper_hold_rate"", ""ambiguous_unit:buy_tax"", ""invalid_kind:buy_tax"", ""ambiguous_unit:sell_tax"", ""invalid_kind:sell_tax"", ""ambiguous_unit:is_honeypot"", ""invalid_kind:is_honeypot"", ""ambiguous_unit:lock_percent"", ""ambiguous_unit:bot_degen_rate"", ""ambiguous_unit:twitter_dup"", ""ambiguous_unit:telegram_dup"", ""ambiguous_unit:website_dup"", ""ambiguous_unit:rank"", ""ambiguous_unit:square_mentions"", ""ambiguous_unit:visiting_count"", ""ambiguous_unit:launch_quote_address"", ""ambiguous_unit:migrated_pool_exchange"", ""invalid_kind:migrated_pool_exchange"", ""missing_usd_value:liquidity"", ""missing_risk_flag:is_honeypot"", ""below_policy_limit:market_cap""]","[""missing_field:transfer_paused"", ""missing_field:sell_simulation_success"", ""ambiguous_unit:is_honeypot"", ""invalid_kind:is_honeypot""]",False
25df0329-2307-4004-8621-abf9f78d75d1:0x101879cb2ce63cbcb19e799d7d29d11632154ba3,robinhood,0x101879cb2ce63cbcb19e799d7d29d11632154ba3,2026-09-28T19:12:40.135383Z,SKIP,"[""ambiguous_unit:bot_degen_count"", ""ambiguous_unit:bot_degen_rate"", ""ambiguous_unit:burn_status"", ""ambiguous_unit:buy_tax"", ""unknown_event_time:complete_timestamp"", ""ambiguous_unit:creator"", ""ambiguous_unit:creator_balance_rate"", ""ambiguous_unit:creator_token_status"", ""invalid_kind:creator_token_status"", ""ambiguous_unit:dev_team_hold_rate"", ""ambiguous_unit:dev_token_burn_amount"", ""ambiguous_unit:dev_token_burn_ratio"", ""ambiguous_unit:entrapment_ratio"", ""ambiguous_unit:is_honeypot"", ""invalid_kind:is_honeypot"", ""ambiguous_unit:is_og"", ""ambiguous_unit:is_wash_trading"", ""ambiguous_unit:launchpad"", ""ambiguous_unit:launchpad_status"", ""invalid_kind:launchpad_status"", ""ambiguous_unit:liquidity"", ""ambiguous_unit:market_cap"", ""unknown_event_time:open_timestamp"", ""ambiguous_unit:price"", ""ambiguous_unit:rat_trader_amount_rate"", ""ambiguous_unit:sell_tax"", ""invalid_kind:telegram"", ""ambiguous_unit:telegram_dup"", ""ambiguous_unit:top70_sniper_hold_rate"", ""ambiguous_unit:top_10_holder_rate"", ""ambiguous_unit:total_supply"", ""invalid_kind:twitter"", ""ambiguous_unit:twitter_change_flag"", ""ambiguous_unit:twitter_create_token_count"", ""ambiguous_unit:twitter_del_post_token_count"", ""ambiguous_unit:twitter_dup"", ""ambiguous_unit:twitter_rename_count"", ""ambiguous_unit:visiting_count"", ""invalid_kind:website"", ""ambiguous_unit:website_dup"", ""missing_usd_value:market_cap"", ""missing_usd_value:liquidity"", ""missing_risk_flag:is_honeypot""]","[""missing_field:transfer_paused"", ""missing_field:sell_simulation_success"", ""ambiguous_unit:is_honeypot"", ""invalid_kind:is_honeypot"", ""ambiguous_unit:is_wash_trading""]",False
25df0329-2307-4004-8621-abf9f78d75d1:0x137960d3a9888066ba38a0781132dcadd3011e18,robinhood,0x137960d3a9888066ba38a0781132dcadd3011e18,2026-09-28T19:12:40.135383Z,SKIP,"[""ambiguous_unit:bot_degen_count"", ""ambiguous_unit:bot_degen_rate"", ""ambiguous_unit:burn_status"", ""ambiguous_unit:buy_tax"", ""ambiguous_unit:creator"", ""ambiguous_unit:creator_balance_rate"", ""ambiguous_unit:creator_token_status"", ""ambiguous_unit:dev_team_hold_rate"", ""ambiguous_unit:dev_token_burn_amount"", ""ambiguous_unit:dev_token_burn_ratio"", ""ambiguous_unit:entrapment_ratio"", ""ambiguous_unit:is_honeypot"", ""invalid_kind:is_honeypot"", ""ambiguous_unit:is_og"", ""ambiguous_unit:is_wash_trading"", ""ambiguous_unit:launchpad"", ""ambiguous_unit:launchpad_status"", ""invalid_kind:launchpad_status"", ""ambiguous_unit:liquidity"", ""ambiguous_unit:market_cap"", ""ambiguous_unit:price"", ""ambiguous_unit:rat_trader_amount_rate"", ""ambiguous_unit:sell_tax"", ""invalid_kind:telegram"", ""ambiguous_unit:telegram_dup"", ""ambiguous_unit:top70_sniper_hold_rate"", ""ambiguous_unit:top_10_holder_rate"", ""ambiguous_unit:total_supply"", ""ambiguous_unit:twitter_change_flag"", ""ambiguous_unit:twitter_create_token_count"", ""ambiguous_unit:twitter_del_post_token_count"", ""ambiguous_unit:twitter_dup"", ""ambiguous_unit:twitter_handle"", ""ambiguous_unit:twitter_rename_count"", ""ambiguous_unit:visiting_count"", ""invalid_kind:website"", ""ambiguous_unit:website_dup"", ""missing_usd_value:market_cap"", ""missing_usd_value:liquidity"", ""missing_risk_flag:is_honeypot""]","[""missing_field:transfer_paused"", ""missing_field:sell_simulation_success"", ""ambiguous_unit:is_honeypot"", ""invalid_kind:is_honeypot"", ""ambiguous_unit:is_wash_trading""]",False
3e9ea32c-aa0b-43e5-b4ac-7c4086b20fe7:0x52baac2f9e2621a321ad1034112bdd41dc691e18,robinhood,0x52baac2f9e2621a321ad1034112bdd41dc691e18,2026-09-28T19:13:35.322035Z,SKIP,"[""ambiguous_unit:bot_degen_count"", ""ambiguous_unit:bot_degen_rate"", ""ambiguous_unit:burn_status"", ""ambiguous_unit:buy_tax"", ""unknown_event_time:complete_timestamp"", ""ambiguous_unit:creator"", ""ambiguous_unit:creator_balance_rate"", ""ambiguous_unit:creator_token_status"", ""invalid_kind:creator_token_status"", ""ambiguous_unit:dev_team_hold_rate"", ""ambiguous_unit:dev_token_burn_amount"", ""ambiguous_unit:dev_token_burn_ratio"", ""ambiguous_unit:entrapment_ratio"", ""ambiguous_unit:is_honeypot"", ""invalid_kind:is_honeypot"", ""ambiguous_unit:is_wash_trading"", ""ambiguous_unit:launchpad"", ""ambiguous_unit:launchpad_status"", ""invalid_kind:launchpad_status"", ""ambiguous_unit:liquidity"", ""ambiguous_unit:market_cap"", ""unknown_event_time:open_timestamp"", ""ambiguous_unit:price"", ""ambiguous_unit:rat_trader_amount_rate"", ""ambiguous_unit:sell_tax"", ""invalid_kind:telegram"", ""ambiguous_unit:telegram_dup"", ""ambiguous_unit:top70_sniper_hold_rate"", ""ambiguous_unit:top_10_holder_rate"", ""ambiguous_unit:total_supply"", ""ambiguous_unit:twitter_change_flag"", ""ambiguous_unit:twitter_del_post_token_count"", ""ambiguous_unit:twitter_dup"", ""ambiguous_unit:twitter_handle"", ""ambiguous_unit:twitter_rename_count"", ""invalid_kind:website"", ""ambiguous_unit:website_dup"", ""missing_usd_value:market_cap"", ""missing_usd_value:liquidity"", ""missing_risk_flag:is_honeypot""]","[""missing_field:transfer_paused"", ""missing_field:sell_simulation_success"", ""ambiguous_unit:is_honeypot"", ""invalid_kind:is_honeypot"", ""ambiguous_unit:is_wash_trading""]",False
25df0329-2307-4004-8621-abf9f78d75d1:0x6329bcc68f66bdd89a9cbea6dee15c1272191c0b,robinhood,0x6329bcc68f66bdd89a9cbea6dee15c1272191c0b,2026-09-28T19:12:40.135383Z,SKIP,"[""ambiguous_unit:bot_degen_count"", ""ambiguous_unit:bot_degen_rate"", ""ambiguous_unit:burn_status"", ""ambiguous_unit:buy_tax"", ""ambiguous_unit:creator"", ""ambiguous_unit:creator_balance_rate"", ""ambiguous_unit:creator_token_status"", ""ambiguous_unit:dev_team_hold_rate"", ""ambiguous_unit:dev_token_burn_amount"", ""ambiguous_unit:dev_token_burn_ratio"", ""ambiguous_unit:entrapment_ratio"", ""ambiguous_unit:is_honeypot"", ""invalid_kind:is_honeypot"", ""ambiguous_unit:is_og"", ""ambiguous_unit:is_wash_trading"", ""ambiguous_unit:launchpad"", ""ambiguous_unit:launchpad_status"", ""invalid_kind:launchpad_status"", ""ambiguous_unit:liquidity"", ""ambiguous_unit:market_cap"", ""ambiguous_unit:price"", ""ambiguous_unit:rat_trader_amount_rate"", ""ambiguous_unit:sell_tax"", ""invalid_kind:telegram"", ""ambiguous_unit:telegram_dup"", ""ambiguous_unit:top70_sniper_hold_rate"", ""ambiguous_unit:top_10_holder_rate"", ""ambiguous_unit:total_supply"", ""invalid_kind:twitter"", ""ambiguous_unit:twitter_change_flag"", ""ambiguous_unit:twitter_create_token_count"", ""ambiguous_unit:twitter_del_post_token_count"", ""ambiguous_unit:twitter_dup"", ""ambiguous_unit:twitter_handle"", ""invalid_kind:twitter_handle"", ""ambiguous_unit:twitter_rename_count"", ""ambiguous_unit:visiting_count"", ""invalid_kind:website"", ""ambiguous_unit:website_dup"", ""missing_usd_value:market_cap"", ""missing_usd_value:liquidity"", ""missing_risk_flag:is_honeypot""]","[""missing_field:transfer_paused"", ""missing_field:sell_simulation_success"", ""ambiguous_unit:is_honeypot"", ""invalid_kind:is_honeypot"", ""ambiguous_unit:is_wash_trading""]",False
25df0329-2307-4004-8621-abf9f78d75d1:0x89814ca6a4656a3e8a5025cf33cd59b23fa08ba3,robinhood,0x89814ca6a4656a3e8a5025cf33cd59b23fa08ba3,2026-09-28T19:12:40.135383Z,SKIP,"[""ambiguous_unit:bot_degen_count"", ""ambiguous_unit:bot_degen_rate"", ""ambiguous_unit:burn_status"", ""ambiguous_unit:buy_tax"", ""ambiguous_unit:creator"", ""ambiguous_unit:creator_balance_rate"", ""ambiguous_unit:creator_token_status"", ""ambiguous_unit:dev_team_hold_rate"", ""ambiguous_unit:dev_token_burn_amount"", ""ambiguous_unit:dev_token_burn_ratio"", ""ambiguous_unit:entrapment_ratio"", ""ambiguous_unit:is_honeypot"", ""invalid_kind:is_honeypot"", ""ambiguous_unit:is_og"", ""ambiguous_unit:is_wash_trading"", ""ambiguous_unit:launchpad"", ""ambiguous_unit:launchpad_status"", ""invalid_kind:launchpad_status"", ""ambiguous_unit:liquidity"", ""ambiguous_unit:market_cap"", ""ambiguous_unit:price"", ""ambiguous_unit:rat_trader_amount_rate"", ""ambiguous_unit:sell_tax"", ""invalid_kind:telegram"", ""ambiguous_unit:telegram_dup"", ""ambiguous_unit:top70_sniper_hold_rate"", ""ambiguous_unit:top_10_holder_rate"", ""ambiguous_unit:total_supply"", ""ambiguous_unit:twitter_change_flag"", ""ambiguous_unit:twitter_del_post_token_count"", ""ambiguous_unit:twitter_dup"", ""ambiguous_unit:twitter_handle"", ""ambiguous_unit:twitter_rename_count"", ""ambiguous_unit:visiting_count"", ""invalid_kind:website"", ""ambiguous_unit:website_dup"", ""missing_usd_value:market_cap"", ""missing_usd_value:liquidity"", ""missing_risk_flag:is_honeypot""]","[""missing_field:transfer_paused"", ""missing_field:sell_simulation_success"", ""ambiguous_unit:is_honeypot"", ""invalid_kind:is_honeypot"", ""ambiguous_unit:is_wash_trading""]",False
804bdef0-8579-4ea1-8c9b-206377f4bc0d:0x2b44d7ee02e8f9916a2ffee02e4e6354ab5c7777,bsc,0x2b44d7ee02e8f9916a2ffee02e4e6354ab5c7777,2026-09-28T19:12:42.415176Z,SKIP,"[""ambiguous_unit:bot_degen_count"", ""ambiguous_unit:bot_degen_rate"", ""ambiguous_unit:burn_status"", ""ambiguous_unit:buy_tax"", ""ambiguous_unit:creator"", ""ambiguous_unit:creator_balance_rate"", ""ambiguous_unit:creator_token_status"", ""ambiguous_unit:dev_team_hold_rate"", ""ambiguous_unit:dev_token_burn_amount"", ""ambiguous_unit:dev_token_burn_ratio"", ""ambiguous_unit:entrapment_ratio"", ""ambiguous_unit:is_honeypot"", ""invalid_kind:is_honeypot"", ""ambiguous_unit:is_og"", ""ambiguous_unit:launchpad"", ""ambiguous_unit:launchpad_status"", ""invalid_kind:launchpad_status"", ""ambiguous_unit:liquidity"", ""ambiguous_unit:market_cap"", ""ambiguous_unit:price"", ""ambiguous_unit:rat_trader_amount_rate"", ""ambiguous_unit:sell_tax"", ""invalid_kind:telegram"", ""ambiguous_unit:telegram_dup"", ""ambiguous_unit:top70_sniper_hold_rate"", ""ambiguous_unit:top_10_holder_rate"", ""ambiguous_unit:total_supply"", ""invalid_kind:twitter"", ""ambiguous_unit:twitter_del_post_token_count"", ""ambiguous_unit:twitter_dup"", ""ambiguous_unit:twitter_handle"", ""invalid_kind:twitter_handle"", ""ambiguous_unit:visiting_count"", ""ambiguous_unit:website_dup"", ""missing_usd_value:market_cap"", ""missing_usd_value:liquidity"", ""missing_risk_flag:is_honeypot""]","[""missing_field:transfer_paused"", ""missing_field:sell_simulation_success"", ""missing_field:is_wash_trading"", ""ambiguous_unit:is_honeypot"", ""invalid_kind:is_honeypot""]",False
43ad4845-c2cb-4fc5-861a-494aafcccfab:0x3b7dec98e2748d523e751eceb1d81eac67fb7777,bsc,0x3b7dec98e2748d523e751eceb1d81eac67fb7777,2026-09-28T19:16:18.937900Z,SKIP,"[""ambiguous_unit:bot_degen_count"", ""ambiguous_unit:bot_degen_rate"", ""ambiguous_unit:burn_status"", ""ambiguous_unit:buy_tax"", ""unknown_event_time:complete_timestamp"", ""ambiguous_unit:creator"", ""ambiguous_unit:creator_balance_rate"", ""ambiguous_unit:creator_token_status"", ""ambiguous_unit:dev_team_hold_rate"", ""ambiguous_unit:dev_token_burn_amount"", ""ambiguous_unit:dev_token_burn_ratio"", ""ambiguous_unit:entrapment_ratio"", ""ambiguous_unit:is_honeypot"", ""invalid_kind:is_honeypot"", ""ambiguous_unit:launchpad"", ""ambiguous_unit:launchpad_status"", ""invalid_kind:launchpad_status"", ""ambiguous_unit:liquidity"", ""ambiguous_unit:market_cap"", ""unknown_event_time:open_timestamp"", ""ambiguous_unit:price"", ""ambiguous_unit:rat_trader_amount_rate"", ""ambiguous_unit:sell_tax"", ""ambiguous_unit:telegram_dup"", ""ambiguous_unit:top70_sniper_hold_rate"", ""ambiguous_unit:top_10_holder_rate"", ""ambiguous_unit:total_supply"", ""ambiguous_unit:twitter_del_post_token_count"", ""ambiguous_unit:twitter_dup"", ""ambiguous_unit:twitter_handle"", ""ambiguous_unit:website_dup"", ""missing_usd_value:market_cap"", ""missing_usd_value:liquidity"", ""missing_risk_flag:is_honeypot""]","[""missing_field:transfer_paused"", ""missing_field:sell_simulation_success"", ""missing_field:is_wash_trading"", ""ambiguous_unit:is_honeypot"", ""invalid_kind:is_honeypot""]",False
804bdef0-8579-4ea1-8c9b-206377f4bc0d:0xcc28015f40cf707f8b9d236cc1fc90bc040a7777,bsc,0xcc28015f40cf707f8b9d236cc1fc90bc040a7777,2026-09-28T19:12:42.415176Z,SKIP,"[""ambiguous_unit:bot_degen_count"", ""ambiguous_unit:bot_degen_rate"", ""ambiguous_unit:burn_status"", ""ambiguous_unit:buy_tax"", ""unknown_event_time:complete_timestamp"", ""ambiguous_unit:creator"", ""ambiguous_unit:creator_balance_rate"", ""ambiguous_unit:creator_token_status"", ""ambiguous_unit:dev_team_hold_rate"", ""ambiguous_unit:dev_token_burn_amount"", ""ambiguous_unit:dev_token_burn_ratio"", ""ambiguous_unit:entrapment_ratio"", ""ambiguous_unit:is_honeypot"", ""invalid_kind:is_honeypot"", ""ambiguous_unit:launchpad"", ""ambiguous_unit:launchpad_status"", ""invalid_kind:launchpad_status"", ""ambiguous_unit:liquidity"", ""ambiguous_unit:market_cap"", ""unknown_event_time:open_timestamp"", ""ambiguous_unit:price"", ""ambiguous_unit:rat_trader_amount_rate"", ""ambiguous_unit:sell_tax"", ""ambiguous_unit:telegram_dup"", ""ambiguous_unit:top70_sniper_hold_rate"", ""ambiguous_unit:top_10_holder_rate"", ""ambiguous_unit:total_supply"", ""ambiguous_unit:twitter_create_token_count"", ""ambiguous_unit:twitter_del_post_token_count"", ""ambiguous_unit:twitter_dup"", ""ambiguous_unit:twitter_handle"", ""ambiguous_unit:website_dup"", ""missing_usd_value:market_cap"", ""missing_usd_value:liquidity"", ""missing_risk_flag:is_honeypot""]","[""missing_field:transfer_paused"", ""missing_field:sell_simulation_success"", ""missing_field:is_wash_trading"", ""ambiguous_unit:is_honeypot"", ""invalid_kind:is_honeypot""]",False
804bdef0-8579-4ea1-8c9b-206377f4bc0d:0xfbc0e9e64579857f7e36004995252fb76ff57777,bsc,0xfbc0e9e64579857f7e36004995252fb76ff57777,2026-09-28T19:12:42.415176Z,SKIP,"[""ambiguous_unit:bot_degen_count"", ""ambiguous_unit:bot_degen_rate"", ""ambiguous_unit:burn_status"", ""ambiguous_unit:buy_tax"", ""ambiguous_unit:creator"", ""ambiguous_unit:creator_balance_rate"", ""ambiguous_unit:creator_token_status"", ""ambiguous_unit:dev_team_hold_rate"", ""ambiguous_unit:dev_token_burn_amount"", ""ambiguous_unit:dev_token_burn_ratio"", ""ambiguous_unit:entrapment_ratio"", ""ambiguous_unit:is_honeypot"", ""invalid_kind:is_honeypot"", ""ambiguous_unit:is_og"", ""ambiguous_unit:launchpad"", ""ambiguous_unit:launchpad_status"", ""invalid_kind:launchpad_status"", ""ambiguous_unit:liquidity"", ""ambiguous_unit:market_cap"", ""ambiguous_unit:price"", ""ambiguous_unit:rat_trader_amount_rate"", ""ambiguous_unit:sell_tax"", ""invalid_kind:telegram"", ""ambiguous_unit:telegram_dup"", ""ambiguous_unit:top70_sniper_hold_rate"", ""ambiguous_unit:top_10_holder_rate"", ""ambiguous_unit:total_supply"", ""invalid_kind:twitter"", ""ambiguous_unit:twitter_del_post_token_count"", ""ambiguous_unit:twitter_dup"", ""ambiguous_unit:twitter_handle"", ""invalid_kind:twitter_handle"", ""ambiguous_unit:visiting_count"", ""invalid_kind:website"", ""ambiguous_unit:website_dup"", ""missing_usd_value:market_cap"", ""missing_usd_value:liquidity"", ""missing_risk_flag:is_honeypot""]","[""missing_field:transfer_paused"", ""missing_field:sell_simulation_success"", ""missing_field:is_wash_trading"", ""ambiguous_unit:is_honeypot"", ""invalid_kind:is_honeypot""]",False
6e82d191-1d45-469b-840a-f3b2c7c82c6f:Gn9ikwyTJ7uKms5bggqQQ7CnzkN1i2RuksvUBD1Qpump,solana,Gn9ikwyTJ7uKms5bggqQQ7CnzkN1i2RuksvUBD1Qpump,2026-09-28T19:15:17.194576Z,SKIP,"[""ambiguous_unit:bot_degen_count"", ""ambiguous_unit:bot_degen_rate"", ""ambiguous_unit:burn_status"", ""ambiguous_unit:buy_tax"", ""unknown_event_time:complete_timestamp"", ""ambiguous_unit:creator"", ""ambiguous_unit:creator_balance_rate"", ""ambiguous_unit:creator_token_status"", ""ambiguous_unit:dev_team_hold_rate"", ""ambiguous_unit:dev_token_burn_amount"", ""ambiguous_unit:dev_token_burn_ratio"", ""ambiguous_unit:end_live_timestamp"", ""unknown_event_time:end_live_timestamp"", ""ambiguous_unit:entrapment_ratio"", ""ambiguous_unit:is_token_live"", ""ambiguous_unit:is_wash_trading"", ""ambiguous_unit:launchpad"", ""ambiguous_unit:launchpad_status"", ""invalid_kind:launchpad_status"", ""ambiguous_unit:liquidity"", ""ambiguous_unit:market_cap"", ""unknown_event_time:open_timestamp"", ""ambiguous_unit:price"", ""ambiguous_unit:rat_trader_amount_rate"", ""ambiguous_unit:renounced_freeze_account"", ""invalid_kind:renounced_freeze_account"", ""ambiguous_unit:renounced_mint"", ""invalid_kind:renounced_mint"", ""ambiguous_unit:rug_ratio"", ""ambiguous_unit:sell_tax"", ""ambiguous_unit:start_live_timestamp"", ""unknown_event_time:start_live_timestamp"", ""invalid_kind:telegram"", ""ambiguous_unit:telegram_dup"", ""ambiguous_unit:top70_sniper_hold_rate"", ""ambiguous_unit:top_10_holder_rate"", ""ambiguous_unit:total_supply"", ""invalid_kind:twitter"", ""ambiguous_unit:twitter_change_flag"", ""ambiguous_unit:twitter_del_post_token_count"", ""ambiguous_unit:twitter_dup"", ""ambiguous_unit:twitter_rename_count"", ""invalid_kind:website"", ""ambiguous_unit:website_dup"", ""missing_usd_value:market_cap"", ""missing_usd_value:liquidity"", ""missing_risk_flag:is_honeypot""]","[""missing_field:is_honeypot"", ""missing_field:transfer_paused"", ""missing_field:sell_simulation_success"", ""ambiguous_unit:is_wash_trading""]",False
5bf8b136-181b-4bf0-97f5-5e72f86f8c2d:Akx3xogrZjMrt81cd1tvmWKkqL3Q5VviqcuqNS2Epump,solana,Akx3xogrZjMrt81cd1tvmWKkqL3Q5VviqcuqNS2Epump,2026-09-28T19:14:17.862022Z,SKIP,"[""ambiguous_unit:bot_degen_count"", ""ambiguous_unit:bot_degen_rate"", ""ambiguous_unit:burn_status"", ""ambiguous_unit:buy_tax"", ""unknown_event_time:complete_timestamp"", ""ambiguous_unit:creator"", ""ambiguous_unit:creator_balance_rate"", ""ambiguous_unit:creator_token_status"", ""ambiguous_unit:dev_team_hold_rate"", ""ambiguous_unit:dev_token_burn_amount"", ""ambiguous_unit:dev_token_burn_ratio"", ""ambiguous_unit:end_live_timestamp"", ""unknown_event_time:end_live_timestamp"", ""ambiguous_unit:entrapment_ratio"", ""ambiguous_unit:is_token_live"", ""ambiguous_unit:is_wash_trading"", ""ambiguous_unit:launchpad"", ""ambiguous_unit:launchpad_status"", ""invalid_kind:launchpad_status"", ""ambiguous_unit:liquidity"", ""ambiguous_unit:market_cap"", ""unknown_event_time:open_timestamp"", ""ambiguous_unit:price"", ""ambiguous_unit:rat_trader_amount_rate"", ""ambiguous_unit:renounced_freeze_account"", ""invalid_kind:renounced_freeze_account"", ""ambiguous_unit:renounced_mint"", ""invalid_kind:renounced_mint"", ""ambiguous_unit:rug_ratio"", ""ambiguous_unit:sell_tax"", ""ambiguous_unit:start_live_timestamp"", ""unknown_event_time:start_live_timestamp"", ""invalid_kind:telegram"", ""ambiguous_unit:telegram_dup"", ""ambiguous_unit:top70_sniper_hold_rate"", ""ambiguous_unit:top_10_holder_rate"", ""ambiguous_unit:total_supply"", ""invalid_kind:twitter"", ""ambiguous_unit:twitter_change_flag"", ""ambiguous_unit:twitter_del_post_token_count"", ""ambiguous_unit:twitter_dup"", ""ambiguous_unit:twitter_rename_count"", ""invalid_kind:website"", ""ambiguous_unit:website_dup"", ""missing_usd_value:market_cap"", ""missing_usd_value:liquidity"", ""missing_risk_flag:is_honeypot""]","[""missing_field:is_honeypot"", ""missing_field:transfer_paused"", ""missing_field:sell_simulation_success"", ""ambiguous_unit:is_wash_trading""]",False
6163f173-9ede-46f4-81e5-1fe4737adf87:BJobPnEeiGwQXW4kfFtUAmQf4YeZPuii8pLdTBVsfxdJ,solana,BJobPnEeiGwQXW4kfFtUAmQf4YeZPuii8pLdTBVsfxdJ,2026-09-28T19:16:31.761139Z,SKIP,"[""ambiguous_unit:bot_degen_count"", ""ambiguous_unit:bot_degen_rate"", ""ambiguous_unit:burn_status"", ""ambiguous_unit:buy_tax"", ""unknown_event_time:complete_timestamp"", ""ambiguous_unit:creator"", ""ambiguous_unit:creator_balance_rate"", ""ambiguous_unit:creator_token_status"", ""ambiguous_unit:dev_team_hold_rate"", ""ambiguous_unit:dev_token_burn_amount"", ""ambiguous_unit:dev_token_burn_ratio"", ""ambiguous_unit:end_live_timestamp"", ""unknown_event_time:end_live_timestamp"", ""ambiguous_unit:entrapment_ratio"", ""ambiguous_unit:is_token_live"", ""ambiguous_unit:is_wash_trading"", ""ambiguous_unit:launchpad"", ""ambiguous_unit:launchpad_status"", ""invalid_kind:launchpad_status"", ""ambiguous_unit:liquidity"", ""ambiguous_unit:market_cap"", ""unknown_event_time:open_timestamp"", ""ambiguous_unit:price"", ""ambiguous_unit:rat_trader_amount_rate"", ""ambiguous_unit:renounced_freeze_account"", ""invalid_kind:renounced_freeze_account"", ""ambiguous_unit:renounced_mint"", ""invalid_kind:renounced_mint"", ""ambiguous_unit:rug_ratio"", ""ambiguous_unit:sell_tax"", ""ambiguous_unit:start_live_timestamp"", ""unknown_event_time:start_live_timestamp"", ""invalid_kind:telegram"", ""ambiguous_unit:telegram_dup"", ""ambiguous_unit:top70_sniper_hold_rate"", ""ambiguous_unit:top_10_holder_rate"", ""ambiguous_unit:total_supply"", ""ambiguous_unit:twitter_change_flag"", ""ambiguous_unit:twitter_del_post_token_count"", ""ambiguous_unit:twitter_dup"", ""ambiguous_unit:twitter_rename_count"", ""ambiguous_unit:website_dup"", ""missing_usd_value:market_cap"", ""missing_usd_value:liquidity"", ""missing_risk_flag:is_honeypot""]","[""missing_field:is_honeypot"", ""missing_field:transfer_paused"", ""missing_field:sell_simulation_success"", ""ambiguous_unit:is_wash_trading""]",False
b7ee6500-ddfe-478e-9141-e7025cd7d4bc:9GgDKaEx8SjnxUc4rDDGkZPc4xLzZLRg5omTVND6pump,solana,9GgDKaEx8SjnxUc4rDDGkZPc4xLzZLRg5omTVND6pump,2026-09-28T19:12:41.023993Z,SKIP,"[""ambiguous_unit:bot_degen_count"", ""ambiguous_unit:bot_degen_rate"", ""ambiguous_unit:burn_status"", ""ambiguous_unit:buy_tax"", ""unknown_event_time:complete_timestamp"", ""ambiguous_unit:creator"", ""ambiguous_unit:creator_balance_rate"", ""ambiguous_unit:creator_token_status"", ""ambiguous_unit:dev_team_hold_rate"", ""ambiguous_unit:dev_token_burn_amount"", ""ambiguous_unit:dev_token_burn_ratio"", ""ambiguous_unit:end_live_timestamp"", ""unknown_event_time:end_live_timestamp"", ""ambiguous_unit:entrapment_ratio"", ""ambiguous_unit:is_token_live"", ""ambiguous_unit:is_wash_trading"", ""ambiguous_unit:launchpad"", ""ambiguous_unit:launchpad_status"", ""invalid_kind:launchpad_status"", ""ambiguous_unit:liquidity"", ""ambiguous_unit:market_cap"", ""unknown_event_time:open_timestamp"", ""ambiguous_unit:price"", ""ambiguous_unit:rat_trader_amount_rate"", ""ambiguous_unit:renounced_freeze_account"", ""invalid_kind:renounced_freeze_account"", ""ambiguous_unit:renounced_mint"", ""invalid_kind:renounced_mint"", ""ambiguous_unit:rug_ratio"", ""ambiguous_unit:sell_tax"", ""ambiguous_unit:start_live_timestamp"", ""unknown_event_time:start_live_timestamp"", ""invalid_kind:telegram"", ""ambiguous_unit:telegram_dup"", ""ambiguous_unit:top70_sniper_hold_rate"", ""ambiguous_unit:top_10_holder_rate"", ""ambiguous_unit:total_supply"", ""ambiguous_unit:twitter_change_flag"", ""ambiguous_unit:twitter_create_token_count"", ""ambiguous_unit:twitter_del_post_token_count"", ""ambiguous_unit:twitter_dup"", ""ambiguous_unit:twitter_handle"", ""ambiguous_unit:twitter_rename_count"", ""ambiguous_unit:visiting_count"", ""ambiguous_unit:website_dup"", ""missing_usd_value:market_cap"", ""missing_usd_value:liquidity"", ""missing_risk_flag:is_honeypot""]","[""missing_field:is_honeypot"", ""missing_field:transfer_paused"", ""missing_field:sell_simulation_success"", ""ambiguous_unit:is_wash_trading""]",False
b7ee6500-ddfe-478e-9141-e7025cd7d4bc:J2wHs1ViGcCnCnvYLXLrkGQRFLBGaWMz7c9nokMMErcG,solana,J2wHs1ViGcCnCnvYLXLrkGQRFLBGaWMz7c9nokMMErcG,2026-09-28T19:12:41.023993Z,SKIP,"[""ambiguous_unit:bot_degen_count"", ""ambiguous_unit:bot_degen_rate"", ""ambiguous_unit:burn_status"", ""ambiguous_unit:buy_tax"", ""unknown_event_time:complete_timestamp"", ""ambiguous_unit:creator"", ""ambiguous_unit:creator_balance_rate"", ""ambiguous_unit:creator_token_status"", ""ambiguous_unit:dev_team_hold_rate"", ""ambiguous_unit:dev_token_burn_amount"", ""ambiguous_unit:dev_token_burn_ratio"", ""ambiguous_unit:end_live_timestamp"", ""unknown_event_time:end_live_timestamp"", ""ambiguous_unit:entrapment_ratio"", ""ambiguous_unit:is_token_live"", ""ambiguous_unit:is_wash_trading"", ""ambiguous_unit:launchpad"", ""ambiguous_unit:launchpad_status"", ""invalid_kind:launchpad_status"", ""ambiguous_unit:liquidity"", ""ambiguous_unit:market_cap"", ""unknown_event_time:open_timestamp"", ""ambiguous_unit:price"", ""ambiguous_unit:rat_trader_amount_rate"", ""ambiguous_unit:renounced_freeze_account"", ""invalid_kind:renounced_freeze_account"", ""ambiguous_unit:renounced_mint"", ""invalid_kind:renounced_mint"", ""ambiguous_unit:rug_ratio"", ""ambiguous_unit:sell_tax"", ""ambiguous_unit:start_live_timestamp"", ""unknown_event_time:start_live_timestamp"", ""invalid_kind:telegram"", ""ambiguous_unit:telegram_dup"", ""ambiguous_unit:top70_sniper_hold_rate"", ""ambiguous_unit:top_10_holder_rate"", ""ambiguous_unit:total_supply"", ""ambiguous_unit:twitter_change_flag"", ""ambiguous_unit:twitter_create_token_count"", ""ambiguous_unit:twitter_del_post_token_count"", ""ambiguous_unit:twitter_dup"", ""ambiguous_unit:twitter_handle"", ""ambiguous_unit:twitter_rename_count"", ""ambiguous_unit:visiting_count"", ""ambiguous_unit:website_dup"", ""missing_usd_value:market_cap"", ""missing_usd_value:liquidity"", ""missing_risk_flag:is_honeypot""]","[""missing_field:is_honeypot"", ""missing_field:transfer_paused"", ""missing_field:sell_simulation_success"", ""ambiguous_unit:is_wash_trading""]",False
